date,source,device,total_sessions,bot_sessions,true_sessions,product_views,add_to_cart,initiate_checkout,purchases,bounce_rate,avg_session_duration,load_time_lcp,cvr,cart_abandonment
2025-11-04,TikTok Ads,Mobile,2453,352,2101,1014,219,162,101,0.529,193.7,3.49,4.81,53.88
2025-11-04,TikTok Ads,Desktop,3954,222,3732,1926,397,262,182,0.443,378.4,3.94,4.88,54.16
2025-11-04,Google Ads,Mobile,2508,326,2182,1157,374,237,162,0.316,237.4,3.39,7.42,56.68
2025-11-04,Google Ads,Desktop,2575,285,2290,1221,364,235,98,0.34,290.8,1.92,4.28,73.08
2025-11-04,Facebook Ads,Mobile,2419,217,2202,918,244,189,84,0.429,359.3,2.55,3.81,65.57
2025-11-04,Facebook Ads,Desktop,3804,346,3458,1906,288,212,126,0.262,252.6,3.95,3.64,56.25
2025-11-04,Organic,Mobile,2682,268,2414,1624,476,341,218,0.509,284.5,2.69,9.03,54.2
2025-11-04,Organic,Desktop,2544,373,2171,1322,220,169,91,0.271,317.9,2.54,4.19,58.64
2025-11-05,TikTok Ads,Mobile,4510,317,4193,2716,710,433,299,0.404,224.7,2.67,7.13,57.89
2025-11-05,TikTok Ads,Desktop,4431,356,4075,1865,327,215,136,0.391,201.9,1.92,3.34,58.41
2025-11-05,Google Ads,Mobile,2330,335,1995,1003,348,242,109,0.517,285.7,3.27,5.46,68.68
2025-11-05,Google Ads,Desktop,4934,271,4663,2000,588,385,175,0.262,127.9,3.44,3.75,70.24
2025-11-05,Facebook Ads,Mobile,1537,148,1389,808,190,115,73,0.253,394.3,3.73,5.26,61.58
2025-11-05,Facebook Ads,Desktop,2731,282,2449,1330,303,235,157,0.351,341.4,3.82,6.41,48.18
2025-11-05,Organic,Mobile,4848,489,4359,2335,480,380,168,0.424,221.7,2.2,3.85,65.0
2025-11-05,Organic,Desktop,2619,392,2227,927,246,151,67,0.382,303.8,2.15,3.01,72.76
2025-11-06,TikTok Ads,Mobile,2265,132,2133,1047,359,283,141,0.421,447.5,1.52,6.61,60.72
2025-11-06,TikTok Ads,Desktop,4242,614,3628,1550,282,223,125,0.254,212.7,2.62,3.45,55.67
2025-11-06,Google Ads,Mobile,3771,465,3306,2309,479,338,189,0.372,180.9,3.94,5.72,60.54
2025-11-06,Google Ads,Desktop,4413,440,3973,2308,451,319,194,0.405,476.5,3.03,4.88,56.98
2025-11-06,Facebook Ads,Mobile,2483,315,2168,978,221,147,77,0.485,294.3,3.49,3.55,65.16
2025-11-06,Facebook Ads,Desktop,3305,278,3027,1946,384,247,136,0.328,123.3,3.12,4.49,64.58
2025-11-06,Organic,Mobile,3044,287,2757,1902,502,387,170,0.421,432.5,2.96,6.17,66.14
2025-11-06,Organic,Desktop,3872,337,3535,1512,365,247,163,0.323,468.0,3.9,4.61,55.34
2025-11-07,TikTok Ads,Mobile,1990,168,1822,1218,418,287,142,0.408,367.6,2.18,7.79,66.03
2025-11-07,TikTok Ads,Desktop,3945,217,3728,1546,351,235,116,0.397,235.5,1.98,3.11,66.95
2025-11-07,Google Ads,Mobile,2237,329,1908,998,238,170,118,0.322,365.3,3.29,6.18,50.42
2025-11-07,Google Ads,Desktop,3429,201,3228,1946,316,227,141,0.313,423.0,1.58,4.37,55.38
2025-11-07,Facebook Ads,Mobile,4375,420,3955,1840,325,256,107,0.31,245.2,3.05,2.71,67.08
2025-11-07,Facebook Ads,Desktop,3179,198,2981,1451,286,183,95,0.461,198.3,2.42,3.19,66.78
2025-11-07,Organic,Mobile,2563,378,2185,1499,464,300,126,0.345,216.0,2.76,5.77,72.84
2025-11-07,Organic,Desktop,4110,558,3552,2321,515,379,187,0.268,372.6,1.52,5.26,63.69
2025-11-08,TikTok Ads,Mobile,2636,218,2418,1470,445,294,189,0.338,280.7,3.32,7.82,57.53
2025-11-08,TikTok Ads,Desktop,3771,560,3211,1501,423,305,205,0.297,390.6,2.92,6.38,51.54
2025-11-08,Google Ads,Mobile,2098,204,1894,947,251,195,111,0.44,306.7,1.63,5.86,55.78
2025-11-08,Google Ads,Desktop,1931,191,1740,857,159,111,55,0.327,287.0,1.83,3.16,65.41
2025-11-08,Facebook Ads,Mobile,4710,644,4066,2489,426,321,206,0.48,161.0,3.11,5.07,51.64
2025-11-08,Facebook Ads,Desktop,4337,467,3870,2298,555,391,160,0.442,149.3,2.59,4.13,71.17
2025-11-08,Organic,Mobile,2170,226,1944,855,246,186,83,0.281,172.4,3.69,4.27,66.26
2025-11-08,Organic,Desktop,3112,301,2811,1214,339,262,169,0.438,147.1,1.78,6.01,50.15
2025-11-09,TikTok Ads,Mobile,1197,90,1107,487,98,66,45,0.433,420.6,3.28,4.07,54.08
2025-11-09,TikTok Ads,Desktop,1450,179,1271,613,170,113,79,0.329,220.5,3.83,6.22,53.53
2025-11-09,Google Ads,Mobile,1098,131,967,597,189,150,103,0.27,415.9,3.12,10.65,45.5
2025-11-09,Google Ads,Desktop,3589,225,3364,2001,693,542,288,0.262,250.4,3.57,8.56,58.44
2025-11-09,Facebook Ads,Mobile,3805,365,3440,1432,337,233,158,0.442,232.2,2.81,4.59,53.12
2025-11-09,Facebook Ads,Desktop,1264,186,1078,547,134,89,53,0.449,377.5,2.17,4.92,60.45
2025-11-09,Organic,Mobile,2262,141,2121,1265,199,143,94,0.517,281.7,2.65,4.43,52.76
2025-11-09,Organic,Desktop,1307,153,1154,745,148,101,65,0.513,207.5,2.88,5.63,56.08
2025-11-10,TikTok Ads,Mobile,1769,106,1663,1119,351,263,109,0.503,277.7,2.36,6.55,68.95
2025-11-10,TikTok Ads,Desktop,3185,188,2997,1879,500,318,145,0.305,140.5,2.97,4.84,71.0
2025-11-10,Google Ads,Mobile,4361,225,4136,1715,453,346,172,0.355,334.7,2.19,4.16,62.03
2025-11-10,Google Ads,Desktop,1106,136,970,570,151,112,67,0.312,246.9,1.82,6.91,55.63
2025-11-10,Facebook Ads,Mobile,1519,178,1341,881,301,218,99,0.282,412.6,2.95,7.38,67.11
2025-11-10,Facebook Ads,Desktop,3473,445,3028,1850,586,358,223,0.505,223.0,3.1,7.36,61.95
2025-11-10,Organic,Mobile,2256,328,1928,790,210,132,81,0.303,204.7,2.74,4.2,61.43
2025-11-10,Organic,Desktop,4659,331,4328,1918,578,404,272,0.294,352.5,2.08,6.28,52.94
2025-11-11,TikTok Ads,Mobile,1627,192,1435,829,249,164,87,0.372,474.3,2.23,6.06,65.06
2025-11-11,TikTok Ads,Desktop,2179,186,1993,1134,227,177,84,0.519,157.3,3.14,4.21,63.0
2025-11-11,Google Ads,Mobile,4627,309,4318,2981,717,565,340,0.34,187.8,2.26,7.87,52.58
2025-11-11,Google Ads,Desktop,1372,88,1284,553,129,97,42,0.289,351.6,1.99,3.27,67.44
2025-11-11,Facebook Ads,Mobile,1390,92,1298,878,275,184,109,0.411,363.8,3.21,8.4,60.36
2025-11-11,Facebook Ads,Desktop,3514,269,3245,1335,321,249,142,0.5,477.0,1.91,4.38,55.76
2025-11-11,Organic,Mobile,3767,442,3325,2307,800,589,278,0.49,158.5,3.45,8.36,65.25
2025-11-11,Organic,Desktop,4640,409,4231,2492,588,404,199,0.479,457.0,3.85,4.7,66.16
2025-11-12,TikTok Ads,Mobile,1699,233,1466,910,182,111,53,0.524,347.9,3.3,3.62,70.88
2025-11-12,TikTok Ads,Desktop,2028,247,1781,727,163,118,52,0.497,204.6,3.13,2.92,68.1
2025-11-12,Google Ads,Mobile,2620,287,2333,1008,154,120,57,0.496,479.8,2.03,2.44,62.99
2025-11-12,Google Ads,Desktop,2060,239,1821,1255,418,292,186,0.291,471.9,3.91,10.21,55.5
2025-11-12,Facebook Ads,Mobile,1654,132,1522,654,133,101,51,0.277,243.2,3.95,3.35,61.65
2025-11-12,Facebook Ads,Desktop,3518,322,3196,1438,499,381,184,0.271,140.4,1.8,5.76,63.13
2025-11-12,Organic,Mobile,3323,474,2849,1564,498,343,210,0.47,182.6,2.4,7.37,57.83
2025-11-12,Organic,Desktop,3549,202,3347,1701,437,349,189,0.495,275.5,3.49,5.65,56.75
2025-11-13,TikTok Ads,Mobile,3381,468,2913,1524,412,299,157,0.293,153.7,1.54,5.39,61.89
2025-11-13,TikTok Ads,Desktop,4494,330,4164,1929,573,380,209,0.299,465.5,3.63,5.02,63.53
2025-11-13,Google Ads,Mobile,4455,403,4052,2547,455,273,110,0.426,283.9,2.8,2.71,75.82
2025-11-13,Google Ads,Desktop,1029,94,935,575,137,102,47,0.494,331.8,2.03,5.03,65.69
2025-11-13,Facebook Ads,Mobile,1946,219,1727,1120,261,170,112,0.451,281.3,2.72,6.49,57.09
2025-11-13,Facebook Ads,Desktop,1817,204,1613,818,285,198,108,0.42,450.0,3.5,6.7,62.11
2025-11-13,Organic,Mobile,2804,341,2463,1418,352,224,120,0.324,449.3,2.34,4.87,65.91
2025-11-13,Organic,Desktop,4809,496,4313,2542,657,411,210,0.28,344.3,2.62,4.87,68.04
2025-11-14,TikTok Ads,Mobile,4111,296,3815,1714,396,310,190,0.376,306.2,1.71,4.98,52.02
2025-11-14,TikTok Ads,Desktop,4938,575,4363,2118,565,351,242,0.302,353.3,2.11,5.55,57.17
2025-11-14,Google Ads,Mobile,3870,494,3376,2032,554,431,182,0.349,209.4,3.97,5.39,67.15
2025-11-14,Google Ads,Desktop,2557,315,2242,1357,261,169,81,0.373,204.4,1.55,3.61,68.97
2025-11-14,Facebook Ads,Mobile,4517,662,3855,1937,421,253,152,0.498,172.8,1.9,3.94,63.9
2025-11-14,Facebook Ads,Desktop,4160,464,3696,1528,419,277,141,0.481,411.9,2.5,3.81,66.35
2025-11-14,Organic,Mobile,4788,434,4354,2749,678,528,354,0.276,457.1,3.56,8.13,47.79
2025-11-14,Organic,Desktop,4165,291,3874,2485,795,522,357,0.265,174.0,2.84,9.22,55.09
2025-11-15,TikTok Ads,Mobile,3303,378,2925,1184,405,246,108,0.254,324.1,3.83,3.69,73.33
2025-11-15,TikTok Ads,Desktop,3663,484,3179,1284,331,229,125,0.272,366.4,2.76,3.93,62.24
2025-11-15,Google Ads,Mobile,4060,400,3660,1628,455,288,190,0.434,176.6,3.91,5.19,58.24
2025-11-15,Google Ads,Desktop,3073,176,2897,1703,341,259,167,0.544,300.7,2.64,5.76,51.03
2025-11-15,Facebook Ads,Mobile,4013,253,3760,2120,549,339,178,0.506,428.2,1.75,4.73,67.58
2025-11-15,Facebook Ads,Desktop,1362,103,1259,833,146,108,46,0.437,248.2,3.47,3.65,68.49
2025-11-15,Organic,Mobile,1934,220,1714,806,235,182,79,0.51,333.7,1.82,4.61,66.38
2025-11-15,Organic,Desktop,2710,179,2531,1544,465,288,158,0.494,457.0,2.78,6.24,66.02
2025-11-16,TikTok Ads,Mobile,4801,497,4304,2230,712,497,269,0.397,424.8,3.58,6.25,62.22
2025-11-16,TikTok Ads,Desktop,2614,217,2397,1312,347,224,142,0.396,240.3,1.77,5.92,59.08
2025-11-16,Google Ads,Mobile,1955,283,1672,821,150,103,50,0.261,236.3,2.86,2.99,66.67
2025-11-16,Google Ads,Desktop,3206,274,2932,1566,537,362,172,0.323,284.8,3.4,5.87,67.97
2025-11-16,Facebook Ads,Mobile,1823,220,1603,651,152,114,57,0.419,193.8,3.35,3.56,62.5
2025-11-16,Facebook Ads,Desktop,1209,163,1046,480,155,103,63,0.346,446.1,1.82,6.02,59.35
2025-11-16,Organic,Mobile,1714,170,1544,655,123,97,67,0.363,452.4,2.86,4.34,45.53
2025-11-16,Organic,Desktop,2078,249,1829,1093,380,248,149,0.266,160.9,1.51,8.15,60.79
2025-11-17,TikTok Ads,Mobile,4997,650,4347,2764,696,459,204,0.335,255.3,3.39,4.69,70.69
2025-11-17,TikTok Ads,Desktop,3158,182,2976,1206,205,139,94,0.441,408.7,2.67,3.16,54.15
2025-11-17,Google Ads,Mobile,2446,148,2298,1523,467,295,163,0.396,345.0,3.87,7.09,65.1
2025-11-17,Google Ads,Desktop,3319,345,2974,1234,200,127,52,0.473,380.4,1.84,1.75,74.0
2025-11-17,Facebook Ads,Mobile,4344,284,4060,1990,397,267,127,0.397,266.7,3.97,3.13,68.01
2025-11-17,Facebook Ads,Desktop,1223,78,1145,476,130,79,51,0.404,309.7,2.9,4.45,60.77
2025-11-17,Organic,Mobile,1683,117,1566,776,208,133,57,0.541,127.9,3.51,3.64,72.6
2025-11-17,Organic,Desktop,4152,331,3821,1683,301,222,131,0.485,457.5,3.23,3.43,56.48
2025-11-18,TikTok Ads,Mobile,1623,120,1503,980,188,115,70,0.371,451.2,3.13,4.66,62.77
2025-11-18,TikTok Ads,Desktop,1361,197,1164,555,120,81,33,0.399,164.4,2.5,2.84,72.5
2025-11-18,Google Ads,Mobile,2402,305,2097,1344,242,162,82,0.295,407.4,3.27,3.91,66.12
2025-11-18,Google Ads,Desktop,1761,152,1609,694,191,119,82,0.484,260.5,2.95,5.1,57.07
2025-11-18,Facebook Ads,Mobile,4645,489,4156,1879,424,325,192,0.445,432.1,3.73,4.62,54.72
2025-11-18,Facebook Ads,Desktop,4679,278,4401,2478,738,554,322,0.3,407.1,3.3,7.32,56.37
2025-11-18,Organic,Mobile,1344,129,1215,549,119,71,36,0.415,343.0,3.16,2.96,69.75
2025-11-18,Organic,Desktop,4345,310,4035,1759,563,355,245,0.503,300.3,3.95,6.07,56.48
2025-11-19,TikTok Ads,Mobile,1389,111,1278,755,166,130,54,0.415,332.7,3.13,4.23,67.47
2025-11-19,TikTok Ads,Desktop,2022,174,1848,1206,227,173,98,0.479,376.9,2.02,5.3,56.83
2025-11-19,Google Ads,Mobile,3275,447,2828,1497,513,354,156,0.367,462.6,2.3,5.52,69.59
2025-11-19,Google Ads,Desktop,4472,617,3855,1946,324,241,118,0.485,279.4,2.71,3.06,63.58
2025-11-19,Facebook Ads,Mobile,4111,362,3749,1997,449,302,168,0.493,250.2,2.81,4.48,62.58
2025-11-19,Facebook Ads,Desktop,3682,283,3399,1642,552,411,235,0.444,130.5,3.05,6.91,57.43
2025-11-19,Organic,Mobile,3038,317,2721,1381,229,146,100,0.373,288.0,1.63,3.68,56.33
2025-11-19,Organic,Desktop,1150,139,1011,567,142,92,57,0.3,188.4,2.65,5.64,59.86
2025-11-20,TikTok Ads,Mobile,2145,160,1985,1178,330,252,132,0.272,218.5,3.95,6.65,60.0
2025-11-20,TikTok Ads,Desktop,3385,409,2976,1196,303,184,105,0.526,468.6,2.85,3.53,65.35
2025-11-20,Google Ads,Mobile,2832,409,2423,1458,237,164,77,0.391,284.0,2.96,3.18,67.51
2025-11-20,Google Ads,Desktop,2427,161,2266,1248,394,288,144,0.531,448.4,2.02,6.35,63.45
2025-11-20,Facebook Ads,Mobile,1157,143,1014,657,225,175,101,0.409,130.0,2.12,9.96,55.11
2025-11-20,Facebook Ads,Desktop,2838,320,2518,1428,426,279,158,0.276,268.9,3.38,6.27,62.91
2025-11-20,Organic,Mobile,3773,562,3211,1552,387,257,136,0.507,366.3,3.71,4.24,64.86
2025-11-20,Organic,Desktop,1814,249,1565,654,214,142,70,0.404,458.6,1.62,4.47,67.29
2025-11-21,TikTok Ads,Mobile,2408,326,2082,1080,205,140,72,0.525,394.3,2.76,3.46,64.88
2025-11-21,TikTok Ads,Desktop,4953,478,4475,1868,378,259,115,0.534,396.1,2.17,2.57,69.58
2025-11-21,Google Ads,Mobile,3363,410,2953,2015,657,461,291,0.419,319.0,1.79,9.85,55.71
2025-11-21,Google Ads,Desktop,1504,154,1350,648,99,73,29,0.429,314.1,3.92,2.15,70.71
2025-11-21,Facebook Ads,Mobile,2936,165,2771,1567,498,398,210,0.346,446.4,1.98,7.58,57.83
2025-11-21,Facebook Ads,Desktop,3461,313,3148,1297,284,185,112,0.535,216.5,3.53,3.56,60.56
2025-11-21,Organic,Mobile,1221,126,1095,461,155,116,69,0.497,353.1,3.92,6.3,55.48
2025-11-21,Organic,Desktop,3855,549,3306,1835,318,224,98,0.428,293.7,3.06,2.96,69.18
2025-11-22,TikTok Ads,Mobile,1040,72,968,529,179,121,63,0.464,337.4,2.25,6.51,64.8
2025-11-22,TikTok Ads,Desktop,2643,189,2454,1692,298,200,81,0.317,401.0,2.0,3.3,72.82
2025-11-22,Google Ads,Mobile,1320,128,1192,480,80,60,37,0.525,427.6,3.21,3.1,53.75
2025-11-22,Google Ads,Desktop,1209,155,1054,688,213,149,70,0.504,381.8,3.95,6.64,67.14
2025-11-22,Facebook Ads,Mobile,1622,117,1505,697,215,137,57,0.55,128.9,3.59,3.79,73.49
2025-11-22,Facebook Ads,Desktop,2461,330,2131,1206,398,312,125,0.273,210.1,3.17,5.87,68.59
2025-11-22,Organic,Mobile,4553,437,4116,2395,449,341,235,0.331,298.1,1.72,5.71,47.66
2025-11-22,Organic,Desktop,3236,324,2912,1290,307,204,113,0.426,123.1,3.4,3.88,63.19
2025-11-23,TikTok Ads,Mobile,3852,333,3519,1463,440,348,164,0.347,186.2,2.94,4.66,62.73
2025-11-23,TikTok Ads,Desktop,1619,138,1481,902,236,159,83,0.419,122.1,1.7,5.6,64.83
2025-11-23,Google Ads,Mobile,4525,261,4264,2609,871,569,290,0.421,437.4,3.85,6.8,66.7
2025-11-23,Google Ads,Desktop,3958,232,3726,2238,519,360,149,0.307,404.6,2.63,4.0,71.29
2025-11-23,Facebook Ads,Mobile,2206,195,2011,1319,395,258,112,0.326,451.5,2.95,5.57,71.65
2025-11-23,Facebook Ads,Desktop,3133,343,2790,1422,442,311,135,0.289,313.3,3.84,4.84,69.46
2025-11-23,Organic,Mobile,2233,305,1928,1213,242,146,62,0.469,191.9,2.43,3.22,74.38
2025-11-23,Organic,Desktop,3006,368,2638,1144,264,184,103,0.496,181.8,3.52,3.9,60.98
2025-11-24,TikTok Ads,Mobile,3771,398,3373,2057,478,300,179,0.407,350.2,2.34,5.31,62.55
2025-11-24,TikTok Ads,Desktop,4627,503,4124,1755,421,316,201,0.398,442.1,2.17,4.87,52.26
2025-11-24,Google Ads,Mobile,2642,369,2273,1520,436,336,143,0.509,235.4,1.95,6.29,67.2
2025-11-24,Google Ads,Desktop,1957,179,1778,845,180,112,54,0.422,279.1,2.37,3.04,70.0
2025-11-24,Facebook Ads,Mobile,3985,555,3430,2150,465,348,155,0.289,244.4,3.52,4.52,66.67
2025-11-24,Facebook Ads,Desktop,1985,111,1874,823,264,191,90,0.417,309.9,3.14,4.8,65.91
2025-11-24,Organic,Mobile,1932,263,1669,822,237,142,72,0.356,315.7,1.68,4.31,69.62
2025-11-24,Organic,Desktop,4160,298,3862,2329,723,515,320,0.449,248.0,3.52,8.29,55.74
2025-11-25,TikTok Ads,Mobile,2178,233,1945,1212,273,180,96,0.495,454.8,2.86,4.94,64.84
2025-11-25,TikTok Ads,Desktop,3645,511,3134,1346,264,195,126,0.507,269.4,1.72,4.02,52.27
2025-11-25,Google Ads,Mobile,2751,201,2550,1242,378,232,150,0.378,334.6,1.72,5.88,60.32
2025-11-25,Google Ads,Desktop,2349,138,2211,1522,474,327,152,0.53,244.1,1.9,6.87,67.93
2025-11-25,Facebook Ads,Mobile,3252,469,2783,1116,220,173,78,0.284,325.3,3.65,2.8,64.55
2025-11-25,Facebook Ads,Desktop,2908,434,2474,1493,246,196,102,0.336,320.8,2.26,4.12,58.54
2025-11-25,Organic,Mobile,1345,67,1278,683,216,154,107,0.336,221.0,1.9,8.37,50.46
2025-11-25,Organic,Desktop,1656,130,1526,973,322,255,119,0.514,238.2,1.78,7.8,63.04
2025-11-26,TikTok Ads,Mobile,4480,508,3972,1785,421,276,171,0.386,476.1,1.64,4.31,59.38
2025-11-26,TikTok Ads,Desktop,2420,237,2183,1202,256,190,125,0.532,409.8,3.63,5.73,51.17
2025-11-26,Google Ads,Mobile,3202,424,2778,1364,313,207,111,0.336,466.2,2.28,4.0,64.54
2025-11-26,Google Ads,Desktop,1392,142,1250,521,89,57,30,0.38,407.9,3.35,2.4,66.29
2025-11-26,Facebook Ads,Mobile,2705,225,2480,1227,373,227,91,0.489,291.8,1.83,3.67,75.6
2025-11-26,Facebook Ads,Desktop,1942,278,1664,1094,319,222,123,0.543,467.7,2.04,7.39,61.44
2025-11-26,Organic,Mobile,4244,295,3949,1832,522,355,241,0.277,304.1,3.8,6.1,53.83
2025-11-26,Organic,Desktop,4616,303,4313,2199,602,380,262,0.524,180.1,1.8,6.07,56.48
2025-11-27,TikTok Ads,Mobile,1341,189,1152,527,122,84,48,0.272,201.6,3.83,4.17,60.66
2025-11-27,TikTok Ads,Desktop,4633,593,4040,1639,353,256,123,0.523,348.2,1.68,3.04,65.16
2025-11-27,Google Ads,Mobile,4636,675,3961,1676,429,283,146,0.304,328.1,3.89,3.69,65.97
2025-11-27,Google Ads,Desktop,3012,175,2837,1662,362,279,147,0.308,188.8,3.42,5.18,59.39
2025-11-27,Facebook Ads,Mobile,2062,261,1801,831,178,123,84,0.53,194.5,2.4,4.66,52.81
2025-11-27,Facebook Ads,Desktop,1597,161,1436,772,254,199,102,0.398,442.6,3.52,7.1,59.84
2025-11-27,Organic,Mobile,1014,83,931,490,96,61,25,0.443,214.5,1.63,2.69,73.96
2025-11-27,Organic,Desktop,1923,250,1673,1096,270,184,127,0.31,197.5,2.23,7.59,52.96
2025-11-28,TikTok Ads,Mobile,1691,148,1543,1038,283,193,131,0.265,195.7,2.91,8.49,53.71
2025-11-28,TikTok Ads,Desktop,3462,186,3276,1706,477,352,208,0.346,153.7,2.57,6.35,56.39
2025-11-28,Google Ads,Mobile,1515,219,1296,703,150,112,61,0.343,412.3,3.67,4.71,59.33
2025-11-28,Google Ads,Desktop,3692,201,3491,1989,601,377,176,0.515,127.2,3.38,5.04,70.72
2025-11-28,Facebook Ads,Mobile,2895,274,2621,1053,330,221,124,0.453,372.9,3.89,4.73,62.42
2025-11-28,Facebook Ads,Desktop,3125,281,2844,1951,543,358,156,0.503,250.4,3.15,5.49,71.27
2025-11-28,Organic,Mobile,2883,201,2682,1556,252,172,97,0.381,389.5,3.57,3.62,61.51
2025-11-28,Organic,Desktop,4084,220,3864,1770,455,358,232,0.503,229.2,2.57,6.0,49.01
2025-11-29,TikTok Ads,Mobile,2882,189,2693,1102,373,241,113,0.275,454.3,2.95,4.2,69.71
2025-11-29,TikTok Ads,Desktop,3668,517,3151,1587,435,264,120,0.499,396.0,2.38,3.81,72.41
2025-11-29,Google Ads,Mobile,2507,259,2248,899,178,114,54,0.492,220.7,1.98,2.4,69.66
2025-11-29,Google Ads,Desktop,3017,412,2605,1230,203,136,84,0.415,414.0,3.9,3.22,58.62
2025-11-29,Facebook Ads,Mobile,4170,460,3710,2033,321,255,131,0.296,360.0,2.21,3.53,59.19
2025-11-29,Facebook Ads,Desktop,3343,363,2980,1590,504,329,175,0.411,358.9,3.46,5.87,65.28
2025-11-29,Organic,Mobile,2579,295,2284,1016,341,230,142,0.256,193.9,2.72,6.22,58.36
2025-11-29,Organic,Desktop,4513,463,4050,2749,678,473,206,0.491,208.9,3.75,5.09,69.62
2025-11-30,TikTok Ads,Mobile,4643,670,3973,2209,630,476,209,0.43,132.3,2.74,5.26,66.83
2025-11-30,TikTok Ads,Desktop,1619,110,1509,768,181,131,55,0.401,185.7,2.93,3.64,69.61
2025-11-30,Google Ads,Mobile,3549,375,3174,1972,428,322,170,0.395,353.3,1.55,5.36,60.28
2025-11-30,Google Ads,Desktop,3615,404,3211,1582,264,163,110,0.457,165.8,2.39,3.43,58.33
2025-11-30,Facebook Ads,Mobile,3369,449,2920,1206,237,184,74,0.31,465.2,3.03,2.53,68.78
2025-11-30,Facebook Ads,Desktop,2046,116,1930,788,156,121,63,0.466,450.6,2.52,3.26,59.62
2025-11-30,Organic,Mobile,1765,179,1586,1066,331,202,122,0.422,446.7,1.81,7.69,63.14
2025-11-30,Organic,Desktop,3136,432,2704,1414,348,213,102,0.347,460.2,2.21,3.77,70.69
2025-12-01,TikTok Ads,Mobile,2843,333,2510,1126,278,207,136,0.438,360.9,1.82,5.42,51.08
2025-12-01,TikTok Ads,Desktop,4783,302,4481,2833,574,451,277,0.476,198.9,2.61,6.18,51.74
2025-12-01,Google Ads,Mobile,3471,440,3031,1306,447,347,166,0.497,306.6,2.65,5.48,62.86
2025-12-01,Google Ads,Desktop,2257,243,2014,1246,289,209,127,0.463,138.7,3.65,6.31,56.06
2025-12-01,Facebook Ads,Mobile,2833,215,2618,1237,305,237,121,0.475,154.9,2.69,4.62,60.33
2025-12-01,Facebook Ads,Desktop,4966,630,4336,2008,502,324,169,0.484,397.6,2.07,3.9,66.33
2025-12-01,Organic,Mobile,4688,512,4176,2146,537,387,219,0.396,301.8,1.94,5.24,59.22
2025-12-01,Organic,Desktop,4250,442,3808,1672,507,398,272,0.361,168.8,2.8,7.14,46.35
2025-12-02,TikTok Ads,Mobile,1450,207,1243,565,113,76,39,0.488,284.3,1.93,3.14,65.49
2025-12-02,TikTok Ads,Desktop,2068,208,1860,826,224,159,97,0.531,448.4,3.87,5.22,56.7
2025-12-02,Google Ads,Mobile,1978,124,1854,909,299,237,155,0.283,461.1,2.56,8.36,48.16
2025-12-02,Google Ads,Desktop,1037,97,940,388,100,66,35,0.434,432.8,3.15,3.72,65.0
2025-12-02,Facebook Ads,Mobile,2736,360,2376,1595,277,195,94,0.264,360.7,3.66,3.96,66.06
2025-12-02,Facebook Ads,Desktop,1651,216,1435,941,313,204,136,0.346,318.8,1.63,9.48,56.55
2025-12-02,Organic,Mobile,1175,143,1032,550,110,70,42,0.25,410.1,1.7,4.07,61.82
2025-12-02,Organic,Desktop,1765,156,1609,877,193,128,88,0.442,128.4,2.58,5.47,54.4
2025-12-03,TikTok Ads,Mobile,4500,360,4140,1773,534,385,219,0.266,170.6,3.06,5.29,58.99
2025-12-03,TikTok Ads,Desktop,1831,183,1648,928,191,150,97,0.467,148.1,1.77,5.89,49.21
2025-12-03,Google Ads,Mobile,2971,196,2775,1924,349,243,123,0.442,166.5,2.58,4.43,64.76
2025-12-03,Google Ads,Desktop,2098,291,1807,744,247,189,92,0.487,131.2,3.92,5.09,62.75
2025-12-03,Facebook Ads,Mobile,3106,249,2857,1453,237,189,77,0.446,279.4,3.87,2.7,67.51
2025-12-03,Facebook Ads,Desktop,1983,204,1779,969,281,172,78,0.314,385.7,1.97,4.38,72.24
2025-12-03,Organic,Mobile,3293,235,3058,2013,681,479,242,0.32,137.9,2.17,7.91,64.46
2025-12-03,Organic,Desktop,3616,373,3243,2215,507,374,204,0.404,216.4,2.64,6.29,59.76
2025-12-04,TikTok Ads,Mobile,2883,347,2536,1730,373,226,124,0.413,180.6,3.4,4.89,66.76
2025-12-04,TikTok Ads,Desktop,4939,714,4225,1939,630,466,249,0.412,425.9,2.7,5.89,60.48
2025-12-04,Google Ads,Mobile,2492,247,2245,1288,241,188,113,0.44,155.8,3.01,5.03,53.11
2025-12-04,Google Ads,Desktop,1483,85,1398,780,179,128,54,0.379,182.9,3.97,3.86,69.83
2025-12-04,Facebook Ads,Mobile,3244,385,2859,1422,240,190,92,0.377,354.0,1.56,3.22,61.67
2025-12-04,Facebook Ads,Desktop,4241,439,3802,1838,298,188,125,0.456,210.0,1.66,3.29,58.05
2025-12-04,Organic,Mobile,3762,403,3359,1751,389,250,150,0.541,183.3,2.99,4.47,61.44
2025-12-04,Organic,Desktop,2696,255,2441,1162,366,255,143,0.341,185.5,1.71,5.86,60.93
2025-12-05,TikTok Ads,Mobile,3856,268,3588,2177,496,338,182,0.36,156.2,2.27,5.07,63.31
2025-12-05,TikTok Ads,Desktop,3654,425,3229,1568,379,242,112,0.257,442.8,2.03,3.47,70.45
2025-12-05,Google Ads,Mobile,1910,148,1762,772,214,131,57,0.443,242.3,3.27,3.23,73.36
2025-12-05,Google Ads,Desktop,3229,244,2985,1776,307,217,115,0.33,337.4,3.68,3.85,62.54
2025-12-05,Facebook Ads,Mobile,4995,553,4442,2316,451,293,159,0.36,449.0,2.42,3.58,64.75
2025-12-05,Facebook Ads,Desktop,2493,220,2273,1479,414,299,149,0.495,133.8,3.68,6.56,64.01
2025-12-05,Organic,Mobile,3050,273,2777,1524,432,260,171,0.384,243.5,1.85,6.16,60.42
2025-12-05,Organic,Desktop,2757,274,2483,1293,369,252,173,0.43,410.7,1.77,6.97,53.12
2025-12-06,TikTok Ads,Mobile,2589,216,2373,1354,436,268,113,0.505,196.6,3.17,4.76,74.08
2025-12-06,TikTok Ads,Desktop,3171,422,2749,1202,211,150,102,0.374,237.7,3.02,3.71,51.66
2025-12-06,Google Ads,Mobile,4721,631,4090,2857,441,274,159,0.496,222.7,2.1,3.89,63.95
2025-12-06,Google Ads,Desktop,4147,230,3917,2000,502,357,220,0.356,340.6,2.96,5.62,56.18
2025-12-06,Facebook Ads,Mobile,3190,363,2827,1350,225,140,65,0.4,422.6,3.25,2.3,71.11
2025-12-06,Facebook Ads,Desktop,4156,353,3803,1982,453,289,120,0.427,476.1,1.92,3.16,73.51
2025-12-06,Organic,Mobile,1186,151,1035,492,155,114,77,0.373,358.3,2.66,7.44,50.32
2025-12-06,Organic,Desktop,3522,334,3188,1455,366,258,165,0.471,359.0,1.78,5.18,54.92
2025-12-07,TikTok Ads,Mobile,3882,388,3494,2334,779,475,306,0.261,252.2,2.86,8.76,60.72
2025-12-07,TikTok Ads,Desktop,1592,198,1394,561,103,73,44,0.525,374.0,3.18,3.16,57.28
2025-12-07,Google Ads,Mobile,2577,129,2448,1067,274,201,105,0.469,307.9,1.69,4.29,61.68
2025-12-07,Google Ads,Desktop,1768,236,1532,945,310,193,134,0.313,124.2,3.99,8.75,56.77
2025-12-07,Facebook Ads,Mobile,2124,248,1876,849,225,175,86,0.451,187.6,3.06,4.58,61.78
2025-12-07,Facebook Ads,Desktop,2345,166,2179,1076,199,155,80,0.324,281.4,2.3,3.67,59.8
2025-12-07,Organic,Mobile,3977,585,3392,1802,580,413,184,0.457,304.8,3.13,5.42,68.28
2025-12-07,Organic,Desktop,4558,428,4130,2768,830,579,336,0.348,474.1,3.17,8.14,59.52
2025-12-08,TikTok Ads,Mobile,1175,97,1078,632,101,61,32,0.35,277.8,2.16,2.97,68.32
2025-12-08,TikTok Ads,Desktop,1658,197,1461,809,153,101,58,0.272,173.1,1.68,3.97,62.09
2025-12-08,Google Ads,Mobile,4249,532,3717,2326,682,500,271,0.443,133.8,3.05,7.29,60.26
2025-12-08,Google Ads,Desktop,4111,411,3700,1876,385,280,170,0.511,243.2,3.42,4.59,55.84
2025-12-08,Facebook Ads,Mobile,3245,448,2797,1561,395,282,176,0.539,146.5,1.63,6.29,55.44
2025-12-08,Facebook Ads,Desktop,4750,489,4261,2490,613,379,238,0.474,232.2,2.27,5.59,61.17
2025-12-08,Organic,Mobile,4351,249,4102,2725,548,393,267,0.453,269.2,3.22,6.51,51.28
2025-12-08,Organic,Desktop,2375,184,2191,1531,459,334,169,0.265,131.2,2.89,7.71,63.18
2025-12-09,TikTok Ads,Mobile,4048,419,3629,2366,370,249,117,0.384,146.1,3.89,3.22,68.38
2025-12-09,TikTok Ads,Desktop,1893,269,1624,857,297,211,143,0.252,389.4,3.76,8.81,51.85
2025-12-09,Google Ads,Mobile,1558,92,1466,773,260,184,102,0.292,120.3,3.53,6.96,60.77
2025-12-09,Google Ads,Desktop,1350,153,1197,807,154,112,47,0.431,179.0,3.34,3.93,69.48
2025-12-09,Facebook Ads,Mobile,2204,212,1992,1155,212,158,77,0.449,177.0,3.22,3.87,63.68
2025-12-09,Facebook Ads,Desktop,1512,139,1373,651,195,127,84,0.518,190.7,3.03,6.12,56.92
2025-12-09,Organic,Mobile,1350,120,1230,755,212,153,74,0.363,157.1,3.3,6.02,65.09
2025-12-09,Organic,Desktop,3015,364,2651,1258,270,180,73,0.352,409.2,3.74,2.75,72.96
2025-12-10,TikTok Ads,Mobile,3072,293,2779,1137,370,222,151,0.397,243.1,3.81,5.43,59.19
2025-12-10,TikTok Ads,Desktop,1097,118,979,552,107,73,43,0.468,120.3,3.84,4.39,59.81
2025-12-10,Google Ads,Mobile,1658,121,1537,736,115,71,49,0.345,161.5,1.77,3.19,57.39
2025-12-10,Google Ads,Desktop,3877,525,3352,1599,246,158,65,0.281,275.3,2.07,1.94,73.58
2025-12-10,Facebook Ads,Mobile,3063,230,2833,1932,639,455,230,0.364,268.3,3.32,8.12,64.01
2025-12-10,Facebook Ads,Desktop,2806,380,2426,1657,359,255,109,0.31,268.8,2.02,4.49,69.64
2025-12-10,Organic,Mobile,4506,296,4210,2259,612,451,232,0.511,324.6,2.6,5.51,62.09
2025-12-10,Organic,Desktop,1268,122,1146,740,201,154,84,0.286,124.9,2.26,7.33,58.21
2025-12-11,TikTok Ads,Mobile,3791,489,3302,1613,401,274,143,0.319,169.1,1.99,4.33,64.34
2025-12-11,TikTok Ads,Desktop,1221,85,1136,457,125,82,56,0.308,244.5,2.39,4.93,55.2
2025-12-11,Google Ads,Mobile,1033,138,895,366,123,95,53,0.413,355.4,2.47,5.92,56.91
2025-12-11,Google Ads,Desktop,3588,195,3393,1412,340,241,160,0.281,416.2,2.03,4.72,52.94
2025-12-11,Facebook Ads,Mobile,2576,210,2366,1230,221,154,98,0.382,296.6,3.62,4.14,55.66
2025-12-11,Facebook Ads,Desktop,3824,378,3446,1644,537,384,179,0.331,409.1,1.61,5.19,66.67
2025-12-11,Organic,Mobile,4968,313,4655,2973,680,474,314,0.374,313.5,1.62,6.75,53.82
2025-12-11,Organic,Desktop,1009,75,934,564,98,61,31,0.444,376.3,1.95,3.32,68.37
2025-12-12,TikTok Ads,Mobile,1318,189,1129,539,172,132,83,0.301,415.8,3.42,7.35,51.74
2025-12-12,TikTok Ads,Desktop,3386,283,3103,1485,258,181,104,0.358,291.1,2.41,3.35,59.69
2025-12-12,Google Ads,Mobile,3564,499,3065,1376,311,195,114,0.469,455.5,2.2,3.72,63.34
2025-12-12,Google Ads,Desktop,4800,270,4530,2631,424,330,184,0.451,419.4,1.88,4.06,56.6
2025-12-12,Facebook Ads,Mobile,1154,159,995,492,86,59,34,0.259,219.0,1.58,3.42,60.47
2025-12-12,Facebook Ads,Desktop,2681,374,2307,1602,444,280,188,0.405,175.3,3.8,8.15,57.66
2025-12-12,Organic,Mobile,4029,496,3533,2164,411,263,159,0.316,277.9,3.46,4.5,61.31
2025-12-12,Organic,Desktop,4135,394,3741,2385,757,553,259,0.332,233.3,1.79,6.92,65.79
2025-12-13,TikTok Ads,Mobile,2092,148,1944,1043,345,214,131,0.456,154.5,3.81,6.74,62.03
2025-12-13,TikTok Ads,Desktop,3273,282,2991,1875,377,278,114,0.502,281.3,3.09,3.81,69.76
2025-12-13,Google Ads,Mobile,1884,221,1663,1050,256,185,99,0.518,299.2,3.6,5.95,61.33
2025-12-13,Google Ads,Desktop,4205,382,3823,1793,414,316,147,0.407,410.2,2.38,3.85,64.49
2025-12-13,Facebook Ads,Mobile,3568,266,3302,1429,441,273,131,0.507,244.7,3.93,3.97,70.29
2025-12-13,Facebook Ads,Desktop,4918,377,4541,1872,544,375,161,0.462,131.2,3.68,3.55,70.4
2025-12-13,Organic,Mobile,1554,97,1457,659,225,166,106,0.369,241.1,2.09,7.28,52.89
2025-12-13,Organic,Desktop,2922,307,2615,1541,310,244,110,0.54,125.3,2.7,4.21,64.52
2025-12-14,TikTok Ads,Mobile,2333,221,2112,1206,285,194,120,0.456,420.0,2.12,5.68,57.89
2025-12-14,TikTok Ads,Desktop,3438,373,3065,1565,386,255,112,0.314,158.0,3.21,3.65,70.98
2025-12-14,Google Ads,Mobile,3642,528,3114,1927,309,240,158,0.383,330.9,3.94,5.07,48.87
2025-12-14,Google Ads,Desktop,3129,439,2690,1143,215,147,84,0.495,475.8,2.47,3.12,60.93
2025-12-14,Facebook Ads,Mobile,1189,154,1035,601,114,79,49,0.481,299.9,2.26,4.73,57.02
2025-12-14,Facebook Ads,Desktop,4894,569,4325,2259,465,346,163,0.302,310.7,2.22,3.77,64.95
2025-12-14,Organic,Mobile,3515,217,3298,1967,406,243,106,0.53,432.2,2.08,3.21,73.89
2025-12-14,Organic,Desktop,4113,455,3658,2528,568,418,175,0.369,467.0,2.85,4.78,69.19
2025-12-15,TikTok Ads,Mobile,2151,133,2018,1233,343,231,158,0.257,229.3,3.8,7.83,53.94
2025-12-15,TikTok Ads,Desktop,2283,171,2112,1183,372,230,157,0.489,185.3,3.28,7.43,57.8
2025-12-15,Google Ads,Mobile,2539,229,2310,1466,502,313,164,0.394,255.5,2.41,7.1,67.33
2025-12-15,Google Ads,Desktop,1209,143,1066,565,106,80,51,0.396,227.4,3.1,4.78,51.89
2025-12-15,Facebook Ads,Mobile,2152,158,1994,1234,195,120,48,0.296,144.8,3.99,2.41,75.38
2025-12-15,Facebook Ads,Desktop,2155,139,2016,952,321,225,114,0.512,262.2,2.34,5.65,64.49
2025-12-15,Organic,Mobile,1829,160,1669,826,235,154,88,0.27,188.9,2.52,5.27,62.55
2025-12-15,Organic,Desktop,4747,416,4331,2595,521,325,135,0.342,176.8,1.94,3.12,74.09
2025-12-16,TikTok Ads,Mobile,4043,208,3835,2175,491,344,195,0.344,226.2,3.33,5.08,60.29
2025-12-16,TikTok Ads,Desktop,4485,310,4175,1792,590,395,223,0.358,165.3,2.97,5.34,62.2
2025-12-16,Google Ads,Mobile,3100,217,2883,1544,477,342,146,0.414,373.0,3.48,5.06,69.39
2025-12-16,Google Ads,Desktop,3516,229,3287,2015,575,347,181,0.35,361.0,2.04,5.51,68.52
2025-12-16,Facebook Ads,Mobile,3363,475,2888,1846,617,490,197,0.437,268.6,3.65,6.82,68.07
2025-12-16,Facebook Ads,Desktop,2007,297,1710,998,308,190,86,0.478,127.9,3.54,5.03,72.08
2025-12-16,Organic,Mobile,1055,122,933,475,129,95,47,0.282,145.1,2.97,5.04,63.57
2025-12-16,Organic,Desktop,3082,382,2700,1492,349,237,96,0.351,471.4,3.68,3.56,72.49
2025-12-17,TikTok Ads,Mobile,2317,252,2065,1350,321,193,81,0.403,469.0,3.23,3.92,74.77
2025-12-17,TikTok Ads,Desktop,1283,88,1195,754,239,172,102,0.259,418.3,3.47,8.54,57.32
2025-12-17,Google Ads,Mobile,2036,246,1790,831,131,83,37,0.351,270.6,2.77,2.07,71.76
2025-12-17,Google Ads,Desktop,2907,224,2683,1096,297,201,98,0.51,388.8,3.64,3.65,67.0
2025-12-17,Facebook Ads,Mobile,2979,187,2792,1699,324,222,93,0.498,165.3,3.76,3.33,71.3
2025-12-17,Facebook Ads,Desktop,4456,429,4027,2510,687,522,276,0.486,286.5,3.85,6.85,59.83
2025-12-17,Organic,Mobile,2945,283,2662,1691,531,377,171,0.39,468.5,3.38,6.42,67.8
2025-12-17,Organic,Desktop,4244,226,4018,2171,606,464,192,0.506,317.4,1.99,4.78,68.32
2025-12-18,TikTok Ads,Mobile,2269,177,2092,1169,187,118,75,0.29,204.0,2.63,3.59,59.89
2025-12-18,TikTok Ads,Desktop,3068,387,2681,1432,441,319,138,0.297,277.3,2.49,5.15,68.71
2025-12-18,Google Ads,Mobile,3974,429,3545,1830,336,216,123,0.377,305.4,1.93,3.47,63.39
2025-12-18,Google Ads,Desktop,3651,493,3158,1507,374,297,148,0.429,152.5,3.02,4.69,60.43
2025-12-18,Facebook Ads,Mobile,1358,198,1160,713,219,162,93,0.385,429.0,3.89,8.02,57.53
2025-12-18,Facebook Ads,Desktop,2996,428,2568,1476,380,262,121,0.251,206.9,2.77,4.71,68.16
2025-12-18,Organic,Mobile,2519,238,2281,1583,348,240,105,0.264,399.1,2.93,4.6,69.83
2025-12-18,Organic,Desktop,4042,262,3780,2160,433,279,112,0.289,231.3,1.79,2.96,74.13
2025-12-19,TikTok Ads,Mobile,4943,399,4544,1995,378,271,113,0.509,466.1,2.12,2.49,70.11
2025-12-19,TikTok Ads,Desktop,2800,146,2654,1571,365,238,109,0.446,269.8,1.95,4.11,70.14
2025-12-19,Google Ads,Mobile,3756,400,3356,2206,382,289,173,0.285,370.1,2.6,5.15,54.71
2025-12-19,Google Ads,Desktop,4779,306,4473,2651,600,474,236,0.539,444.5,2.18,5.28,60.67
2025-12-19,Facebook Ads,Mobile,4214,630,3584,1705,404,284,138,0.255,199.2,2.2,3.85,65.84
2025-12-19,Facebook Ads,Desktop,2774,186,2588,1713,498,307,182,0.446,464.2,1.51,7.03,63.45
2025-12-19,Organic,Mobile,1991,284,1707,1160,341,256,109,0.404,203.4,1.95,6.39,68.04
2025-12-19,Organic,Desktop,4241,269,3972,2147,725,461,319,0.548,320.0,1.93,8.03,56.0
2025-12-20,TikTok Ads,Mobile,2264,209,2055,1012,208,165,73,0.47,120.1,2.99,3.55,64.9
2025-12-20,TikTok Ads,Desktop,4663,367,4296,1957,548,406,246,0.346,210.8,3.89,5.73,55.11
2025-12-20,Google Ads,Mobile,4693,449,4244,2774,667,456,203,0.378,313.5,1.56,4.78,69.57
2025-12-20,Google Ads,Desktop,2776,355,2421,1462,405,316,128,0.417,403.4,2.85,5.29,68.4
2025-12-20,Facebook Ads,Mobile,2295,146,2149,1431,349,270,155,0.452,409.5,3.15,7.21,55.59
2025-12-20,Facebook Ads,Desktop,2592,262,2330,1493,335,227,97,0.524,152.8,3.12,4.16,71.04
2025-12-20,Organic,Mobile,2652,240,2412,1456,237,170,107,0.498,181.4,3.74,4.44,54.85
2025-12-20,Organic,Desktop,3624,500,3124,1704,440,344,230,0.384,218.8,2.48,7.36,47.73
2025-12-21,TikTok Ads,Mobile,2551,200,2351,1129,363,222,133,0.302,244.0,1.65,5.66,63.36
2025-12-21,TikTok Ads,Desktop,2079,263,1816,1208,234,162,87,0.512,394.6,2.78,4.79,62.82
2025-12-21,Google Ads,Mobile,3682,496,3186,1283,295,230,143,0.413,310.7,2.37,4.49,51.53
2025-12-21,Google Ads,Desktop,3082,356,2726,1432,419,323,144,0.385,266.9,3.22,5.28,65.63
2025-12-21,Facebook Ads,Mobile,1999,227,1772,1175,274,214,149,0.282,203.9,3.88,8.41,45.62
2025-12-21,Facebook Ads,Desktop,4833,288,4545,1838,334,266,120,0.401,425.4,1.55,2.64,64.07
2025-12-21,Organic,Mobile,3417,265,3152,2076,429,316,190,0.316,132.5,2.52,6.03,55.71
2025-12-21,Organic,Desktop,2156,282,1874,1199,289,208,120,0.498,273.0,2.19,6.4,58.48
2025-12-22,TikTok Ads,Mobile,2060,213,1847,987,234,144,88,0.314,190.9,2.53,4.76,62.39
2025-12-22,TikTok Ads,Desktop,1911,207,1704,871,208,147,67,0.297,437.0,2.58,3.93,67.79
2025-12-22,Google Ads,Mobile,2648,141,2507,1377,359,255,156,0.303,210.8,3.53,6.22,56.55
2025-12-22,Google Ads,Desktop,4788,304,4484,2463,474,290,144,0.293,375.6,2.83,3.21,69.62
2025-12-22,Facebook Ads,Mobile,1575,80,1495,960,177,127,63,0.426,233.6,1.72,4.21,64.41
2025-12-22,Facebook Ads,Desktop,1891,130,1761,930,261,170,68,0.406,338.1,3.91,3.86,73.95
2025-12-22,Organic,Mobile,3357,326,3031,1733,581,444,220,0.321,214.5,2.76,7.26,62.13
2025-12-22,Organic,Desktop,3976,398,3578,1503,442,336,163,0.449,273.6,3.72,4.56,63.12
2025-12-23,TikTok Ads,Mobile,4380,449,3931,2387,779,544,268,0.476,199.2,2.47,6.82,65.6
2025-12-23,TikTok Ads,Desktop,4462,546,3916,2040,393,263,127,0.303,387.6,2.13,3.24,67.68
2025-12-23,Google Ads,Mobile,2816,249,2567,1783,406,250,106,0.427,335.8,2.55,4.13,73.89
2025-12-23,Google Ads,Desktop,2727,151,2576,1429,358,225,97,0.287,156.4,3.02,3.77,72.91
2025-12-23,Facebook Ads,Mobile,1785,134,1651,746,254,195,91,0.348,195.6,2.73,5.51,64.17
2025-12-23,Facebook Ads,Desktop,1078,126,952,530,174,110,70,0.488,165.8,2.5,7.35,59.77
2025-12-23,Organic,Mobile,1680,126,1554,744,194,132,90,0.288,470.5,2.08,5.79,53.61
2025-12-23,Organic,Desktop,4091,343,3748,1660,533,352,210,0.42,289.8,2.74,5.6,60.6
2025-12-24,TikTok Ads,Mobile,3928,230,3698,2220,730,446,197,0.465,277.4,2.51,5.33,73.01
2025-12-24,TikTok Ads,Desktop,1547,155,1392,609,149,112,53,0.394,477.1,3.22,3.81,64.43
2025-12-24,Google Ads,Mobile,4365,399,3966,2500,395,246,113,0.371,424.5,2.37,2.85,71.39
2025-12-24,Google Ads,Desktop,3618,437,3181,1831,405,289,145,0.275,477.4,1.82,4.56,64.2
2025-12-24,Facebook Ads,Mobile,1289,177,1112,545,152,101,52,0.329,243.5,2.53,4.68,65.79
2025-12-24,Facebook Ads,Desktop,3881,392,3489,2383,377,264,151,0.526,137.7,2.93,4.33,59.95
2025-12-24,Organic,Mobile,4414,327,4087,2709,416,310,210,0.447,278.1,1.61,5.14,49.52
2025-12-24,Organic,Desktop,4680,454,4226,1727,497,346,151,0.314,143.2,2.94,3.57,69.62
2025-12-25,TikTok Ads,Mobile,3488,350,3138,2024,652,471,190,0.459,270.5,2.91,6.05,70.86
2025-12-25,TikTok Ads,Desktop,3596,305,3291,2221,392,287,115,0.527,160.5,1.74,3.49,70.66
2025-12-25,Google Ads,Mobile,2332,203,2129,988,263,181,74,0.346,411.8,3.22,3.48,71.86
2025-12-25,Google Ads,Desktop,3899,467,3432,1692,287,187,121,0.544,297.8,1.52,3.53,57.84
2025-12-25,Facebook Ads,Mobile,1560,128,1432,821,135,106,54,0.524,401.0,3.39,3.77,60.0
2025-12-25,Facebook Ads,Desktop,3426,386,3040,1797,495,351,244,0.47,399.7,3.68,8.03,50.71
2025-12-25,Organic,Mobile,1862,108,1754,955,241,184,98,0.421,309.7,1.6,5.59,59.34
2025-12-25,Organic,Desktop,3460,459,3001,1342,360,258,115,0.287,472.8,2.48,3.83,68.06
2025-12-26,TikTok Ads,Mobile,1909,128,1781,1069,290,211,89,0.518,260.1,2.28,5.0,69.31
2025-12-26,TikTok Ads,Desktop,2849,253,2596,1710,574,379,249,0.484,455.1,2.11,9.59,56.62
2025-12-26,Google Ads,Mobile,3307,256,3051,1974,298,212,106,0.347,352.2,3.63,3.47,64.43
2025-12-26,Google Ads,Desktop,3436,464,2972,1424,361,249,100,0.417,358.1,2.98,3.36,72.3
2025-12-26,Facebook Ads,Mobile,3945,422,3523,1479,256,184,88,0.274,274.7,2.89,2.5,65.62
2025-12-26,Facebook Ads,Desktop,2314,282,2032,1205,260,195,115,0.441,319.2,1.53,5.66,55.77
2025-12-26,Organic,Mobile,3786,331,3455,2359,739,530,252,0.311,242.5,2.69,7.29,65.9
2025-12-26,Organic,Desktop,2184,221,1963,882,304,188,127,0.524,309.1,3.31,6.47,58.22
2025-12-27,TikTok Ads,Mobile,2744,310,2434,1222,256,183,100,0.424,223.2,2.42,4.11,60.94
2025-12-27,TikTok Ads,Desktop,1335,73,1262,600,98,60,38,0.262,357.2,2.18,3.01,61.22
2025-12-27,Google Ads,Mobile,4486,441,4045,1988,504,340,193,0.284,478.9,2.56,4.77,61.71
2025-12-27,Google Ads,Desktop,2392,289,2103,1070,338,233,143,0.282,424.6,3.34,6.8,57.69
2025-12-27,Facebook Ads,Mobile,1846,119,1727,854,294,191,102,0.259,263.0,2.93,5.91,65.31
2025-12-27,Facebook Ads,Desktop,4812,489,4323,2791,724,440,217,0.423,462.2,3.65,5.02,70.03
2025-12-27,Organic,Mobile,1913,137,1776,817,273,210,132,0.368,301.6,2.66,7.43,51.65
2025-12-27,Organic,Desktop,2013,202,1811,740,130,101,63,0.377,306.2,2.42,3.48,51.54
2025-12-28,TikTok Ads,Mobile,3963,508,3455,2173,639,409,205,0.391,239.1,3.39,5.93,67.92
2025-12-28,TikTok Ads,Desktop,2317,147,2170,1127,389,250,145,0.38,145.6,2.72,6.68,62.72
2025-12-28,Google Ads,Mobile,3808,385,3423,2264,470,290,197,0.363,327.5,3.48,5.76,58.09
2025-12-28,Google Ads,Desktop,2297,279,2018,889,185,116,74,0.317,378.3,3.86,3.67,60.0
2025-12-28,Facebook Ads,Mobile,3111,323,2788,1500,322,223,129,0.546,457.6,3.66,4.63,59.94
2025-12-28,Facebook Ads,Desktop,4556,440,4116,2458,808,548,377,0.375,336.4,3.27,9.16,53.34
2025-12-28,Organic,Mobile,4802,357,4445,2772,704,460,291,0.416,358.0,2.31,6.55,58.66
2025-12-28,Organic,Desktop,2925,326,2599,1355,257,203,112,0.47,268.0,2.39,4.31,56.42
2025-12-29,TikTok Ads,Mobile,2628,238,2390,1346,348,243,107,0.399,180.9,1.82,4.48,69.25
2025-12-29,TikTok Ads,Desktop,4730,522,4208,2515,579,452,267,0.481,252.7,3.9,6.35,53.89
2025-12-29,Google Ads,Mobile,4281,579,3702,1672,341,224,107,0.507,131.5,1.69,2.89,68.62
2025-12-29,Google Ads,Desktop,2095,146,1949,915,283,201,80,0.379,266.8,1.78,4.1,71.73
2025-12-29,Facebook Ads,Mobile,3704,445,3259,2008,593,355,243,0.494,445.4,1.54,7.46,59.02
2025-12-29,Facebook Ads,Desktop,4735,620,4115,2679,451,337,231,0.454,325.4,3.86,5.61,48.78
2025-12-29,Organic,Mobile,2771,304,2467,1339,450,276,151,0.456,405.1,2.96,6.12,66.44
2025-12-29,Organic,Desktop,4635,668,3967,1663,383,231,115,0.411,447.9,3.62,2.9,69.97
2025-12-30,TikTok Ads,Mobile,1509,89,1420,819,210,137,91,0.528,264.9,3.73,6.41,56.67
2025-12-30,TikTok Ads,Desktop,2535,313,2222,1206,210,164,87,0.47,252.2,1.55,3.92,58.57
2025-12-30,Google Ads,Mobile,1402,139,1263,766,166,122,74,0.461,297.3,3.79,5.86,55.42
2025-12-30,Google Ads,Desktop,2956,280,2676,1230,260,158,93,0.325,229.5,3.43,3.48,64.23
2025-12-30,Facebook Ads,Mobile,2308,171,2137,963,293,183,98,0.402,367.5,3.08,4.59,66.55
2025-12-30,Facebook Ads,Desktop,4242,231,4011,1961,404,254,123,0.343,307.9,3.16,3.07,69.55
2025-12-30,Organic,Mobile,2524,307,2217,1110,230,162,65,0.274,270.5,3.86,2.93,71.74
2025-12-30,Organic,Desktop,3886,228,3658,2391,708,511,330,0.371,199.7,2.78,9.02,53.39
2025-12-31,TikTok Ads,Mobile,3195,331,2864,1631,554,432,286,0.49,459.6,1.75,9.99,48.38
2025-12-31,TikTok Ads,Desktop,2060,204,1856,1213,304,227,100,0.326,383.4,1.91,5.39,67.11
2025-12-31,Google Ads,Mobile,2405,183,2222,1122,327,220,124,0.28,409.8,2.42,5.58,62.08
2025-12-31,Google Ads,Desktop,3594,440,3154,1459,476,344,181,0.305,459.2,3.39,5.74,61.97
2025-12-31,Facebook Ads,Mobile,1832,153,1679,1079,311,234,124,0.465,259.1,2.03,7.39,60.13
2025-12-31,Facebook Ads,Desktop,3530,521,3009,1483,359,263,147,0.503,394.2,1.65,4.89,59.05
2025-12-31,Organic,Mobile,4993,625,4368,2879,806,621,269,0.354,435.5,2.0,6.16,66.63
2025-12-31,Organic,Desktop,1312,169,1143,743,135,104,63,0.406,418.9,2.55,5.51,53.33
2026-01-01,TikTok Ads,Mobile,1775,139,1636,902,231,175,111,0.424,401.1,1.98,6.78,51.95
2026-01-01,TikTok Ads,Desktop,1200,164,1036,437,87,64,33,0.513,227.3,1.53,3.19,62.07
2026-01-01,Google Ads,Mobile,2202,237,1965,1007,258,200,134,0.33,286.4,2.87,6.82,48.06
2026-01-01,Google Ads,Desktop,4796,718,4078,1919,566,382,153,0.253,285.8,2.72,3.75,72.97
2026-01-01,Facebook Ads,Mobile,1090,129,961,469,122,80,36,0.372,203.6,2.84,3.75,70.49
2026-01-01,Facebook Ads,Desktop,1795,181,1614,721,204,153,66,0.39,145.5,3.0,4.09,67.65
2026-01-01,Organic,Mobile,2057,211,1846,1024,342,242,139,0.37,461.7,3.44,7.53,59.36
2026-01-01,Organic,Desktop,2141,287,1854,982,310,237,108,0.46,224.6,2.24,5.83,65.16
2026-01-02,TikTok Ads,Mobile,2185,267,1918,899,135,100,45,0.281,205.5,2.45,2.35,66.67
2026-01-02,TikTok Ads,Desktop,2903,158,2745,1897,556,369,182,0.385,345.4,1.87,6.63,67.27
2026-01-02,Google Ads,Mobile,1755,238,1517,723,163,126,75,0.353,366.1,1.55,4.94,53.99
2026-01-02,Google Ads,Desktop,3942,389,3553,2287,779,611,411,0.404,249.7,2.66,11.57,47.24
2026-01-02,Facebook Ads,Mobile,3759,520,3239,1496,499,380,263,0.514,220.8,1.76,8.12,47.29
2026-01-02,Facebook Ads,Desktop,1448,114,1334,779,242,188,110,0.252,187.1,1.75,8.25,54.55
2026-01-02,Organic,Mobile,2453,245,2208,911,200,127,75,0.389,298.3,2.57,3.4,62.5
2026-01-02,Organic,Desktop,4824,344,4480,2486,738,524,355,0.363,286.9,1.72,7.92,51.9
2026-01-03,TikTok Ads,Mobile,3435,270,3165,1418,367,259,109,0.459,344.6,1.97,3.44,70.3
2026-01-03,TikTok Ads,Desktop,2877,351,2526,1411,323,214,124,0.532,361.8,1.69,4.91,61.61
2026-01-03,Google Ads,Mobile,2842,395,2447,1048,364,287,121,0.53,250.7,3.61,4.94,66.76
2026-01-03,Google Ads,Desktop,2673,251,2422,1429,435,263,152,0.306,244.5,2.37,6.28,65.06
2026-01-03,Facebook Ads,Mobile,2876,239,2637,1139,204,123,66,0.536,161.6,3.87,2.5,67.65
2026-01-03,Facebook Ads,Desktop,3933,447,3486,2069,652,405,223,0.459,331.3,3.58,6.4,65.8
2026-01-03,Organic,Mobile,1289,153,1136,636,143,95,55,0.517,298.6,3.56,4.84,61.54
2026-01-03,Organic,Desktop,2608,157,2451,1025,164,110,55,0.465,387.4,1.63,2.24,66.46
2026-01-04,TikTok Ads,Mobile,1884,145,1739,981,175,109,74,0.491,185.0,2.52,4.26,57.71
2026-01-04,TikTok Ads,Desktop,2422,312,2110,1166,204,152,78,0.329,255.2,2.74,3.7,61.76
2026-01-04,Google Ads,Mobile,2372,175,2197,1141,175,132,59,0.263,355.3,3.43,2.69,66.29
2026-01-04,Google Ads,Desktop,4255,422,3833,1769,526,389,184,0.521,157.6,3.96,4.8,65.02
2026-01-04,Facebook Ads,Mobile,4440,527,3913,2667,785,500,266,0.271,260.3,3.35,6.8,66.11
2026-01-04,Facebook Ads,Desktop,2545,211,2334,1350,437,266,137,0.297,370.3,1.76,5.87,68.65
2026-01-04,Organic,Mobile,3659,287,3372,1550,522,315,167,0.256,294.1,2.75,4.95,68.01
2026-01-04,Organic,Desktop,2286,144,2142,1098,312,236,131,0.427,192.2,2.22,6.12,58.01
2026-01-05,TikTok Ads,Mobile,1647,123,1524,712,180,128,87,0.309,351.0,3.54,5.71,51.67
2026-01-05,TikTok Ads,Desktop,3240,244,2996,1434,226,149,92,0.264,198.9,3.27,3.07,59.29
2026-01-05,Google Ads,Mobile,4130,394,3736,2276,517,326,169,0.424,461.3,1.67,4.52,67.31
2026-01-05,Google Ads,Desktop,3029,251,2778,1534,237,157,101,0.416,282.2,2.21,3.64,57.38
2026-01-05,Facebook Ads,Mobile,2192,193,1999,1300,446,306,158,0.504,273.7,2.88,7.9,64.57
2026-01-05,Facebook Ads,Desktop,1923,239,1684,942,293,221,102,0.465,408.0,2.37,6.06,65.19
2026-01-05,Organic,Mobile,1690,84,1606,859,189,134,61,0.508,212.8,2.07,3.8,67.72
2026-01-05,Organic,Desktop,2922,291,2631,1222,249,157,96,0.481,286.4,3.29,3.65,61.45
2026-01-06,TikTok Ads,Mobile,3943,251,3692,2546,799,512,233,0.288,169.8,3.37,6.31,70.84
2026-01-06,TikTok Ads,Desktop,2878,369,2509,1565,423,311,126,0.344,349.6,1.52,5.02,70.21
2026-01-06,Google Ads,Mobile,1131,152,979,592,120,88,56,0.342,133.0,3.83,5.72,53.33
2026-01-06,Google Ads,Desktop,2380,144,2236,1224,371,239,114,0.323,477.0,1.99,5.1,69.27
2026-01-06,Facebook Ads,Mobile,3302,470,2832,1257,432,341,226,0.314,348.3,3.4,7.98,47.69
2026-01-06,Facebook Ads,Desktop,4944,336,4608,2902,631,400,210,0.488,287.3,2.84,4.56,66.72
2026-01-06,Organic,Mobile,4980,447,4533,2650,591,401,244,0.531,315.2,3.42,5.38,58.71
2026-01-06,Organic,Desktop,1356,96,1260,693,106,68,37,0.254,215.2,2.79,2.94,65.09
2026-01-07,TikTok Ads,Mobile,3292,469,2823,1675,390,306,194,0.31,167.1,3.19,6.87,50.26
2026-01-07,TikTok Ads,Desktop,3239,417,2822,1754,482,384,215,0.284,418.2,2.13,7.62,55.39
2026-01-07,Google Ads,Mobile,4109,598,3511,2138,575,397,202,0.356,349.1,3.38,5.75,64.87
2026-01-07,Google Ads,Desktop,3714,259,3455,1894,583,405,227,0.481,358.1,2.52,6.57,61.06
2026-01-07,Facebook Ads,Mobile,4581,303,4278,2988,519,312,208,0.323,382.7,3.53,4.86,59.92
2026-01-07,Facebook Ads,Desktop,4435,661,3774,1842,537,334,174,0.504,252.4,2.98,4.61,67.6
2026-01-07,Organic,Mobile,3015,345,2670,1847,297,212,139,0.394,148.3,2.9,5.21,53.2
2026-01-07,Organic,Desktop,2328,152,2176,1424,362,284,182,0.458,121.8,2.57,8.36,49.72
2026-01-08,TikTok Ads,Mobile,1789,252,1537,695,144,101,48,0.313,335.7,1.72,3.12,66.67
2026-01-08,TikTok Ads,Desktop,1232,107,1125,693,180,123,70,0.36,457.0,1.64,6.22,61.11
2026-01-08,Google Ads,Mobile,3693,513,3180,2038,380,250,153,0.275,412.3,3.3,4.81,59.74
2026-01-08,Google Ads,Desktop,3918,235,3683,2266,647,495,204,0.257,254.3,1.87,5.54,68.47
2026-01-08,Facebook Ads,Mobile,3233,458,2775,1435,457,274,123,0.259,238.1,3.77,4.43,73.09
2026-01-08,Facebook Ads,Desktop,1387,153,1234,660,222,138,63,0.259,276.2,2.19,5.11,71.62
2026-01-08,Organic,Mobile,4479,494,3985,2328,596,368,196,0.55,420.7,3.73,4.92,67.11
2026-01-08,Organic,Desktop,4292,258,4034,1888,284,187,80,0.392,363.8,3.69,1.98,71.83
2026-01-09,TikTok Ads,Mobile,3996,574,3422,1424,217,158,76,0.326,239.1,2.17,2.22,64.98
2026-01-09,TikTok Ads,Desktop,3045,286,2759,1527,434,294,139,0.3,245.8,3.35,5.04,67.97
2026-01-09,Google Ads,Mobile,4026,469,3557,1672,447,319,173,0.415,297.0,2.91,4.86,61.3
2026-01-09,Google Ads,Desktop,3862,235,3627,2266,401,245,169,0.537,141.8,2.61,4.66,57.86
2026-01-09,Facebook Ads,Mobile,1744,171,1573,1020,346,251,127,0.431,232.3,3.77,8.07,63.29
2026-01-09,Facebook Ads,Desktop,4481,474,4007,1993,415,251,161,0.385,237.0,2.68,4.02,61.2
2026-01-09,Organic,Mobile,4274,266,4008,2634,867,684,355,0.315,254.5,2.33,8.86,59.05
2026-01-09,Organic,Desktop,1704,188,1516,823,265,160,94,0.479,393.4,3.72,6.2,64.53
2026-01-10,TikTok Ads,Mobile,3916,559,3357,1677,420,253,101,0.322,156.3,2.15,3.01,75.95
2026-01-10,TikTok Ads,Desktop,1708,90,1618,1088,164,122,54,0.524,441.4,3.13,3.34,67.07
2026-01-10,Google Ads,Mobile,3688,186,3502,2435,792,616,368,0.353,441.7,2.23,10.51,53.54
2026-01-10,Google Ads,Desktop,3250,194,3056,2067,368,237,134,0.479,343.0,2.08,4.38,63.59
2026-01-10,Facebook Ads,Mobile,1003,126,877,610,190,131,87,0.373,309.0,2.69,9.92,54.21
2026-01-10,Facebook Ads,Desktop,2790,355,2435,1358,289,188,77,0.425,202.8,1.87,3.16,73.36
2026-01-10,Organic,Mobile,3615,427,3188,1994,499,388,264,0.492,348.8,2.26,8.28,47.09
2026-01-10,Organic,Desktop,4931,381,4550,2096,499,305,211,0.427,320.5,3.14,4.64,57.72
2026-01-11,TikTok Ads,Mobile,2988,158,2830,1651,484,330,206,0.318,199.7,1.9,7.28,57.44
2026-01-11,TikTok Ads,Desktop,2487,335,2152,1395,316,226,139,0.322,180.5,3.93,6.46,56.01
2026-01-11,Google Ads,Mobile,3470,514,2956,1481,430,277,132,0.404,235.1,1.92,4.47,69.3
2026-01-11,Google Ads,Desktop,2051,109,1942,1187,294,181,81,0.281,340.5,1.74,4.17,72.45
2026-01-11,Facebook Ads,Mobile,4017,209,3808,1808,593,441,186,0.496,297.5,3.62,4.88,68.63
2026-01-11,Facebook Ads,Desktop,3402,402,3000,2094,411,297,159,0.262,125.2,1.8,5.3,61.31
2026-01-11,Organic,Mobile,3596,383,3213,1818,284,197,133,0.369,345.0,3.45,4.14,53.17
2026-01-11,Organic,Desktop,4135,421,3714,2441,557,433,204,0.334,139.1,3.49,5.49,63.38
2026-01-12,TikTok Ads,Mobile,2668,194,2474,1161,383,293,165,0.435,290.8,2.48,6.67,56.92
2026-01-12,TikTok Ads,Desktop,4661,291,4370,2296,502,351,188,0.406,170.4,2.78,4.3,62.55
2026-01-12,Google Ads,Mobile,1969,134,1835,769,232,159,93,0.468,364.6,2.68,5.07,59.91
2026-01-12,Google Ads,Desktop,2551,223,2328,1378,343,264,174,0.301,169.0,3.08,7.47,49.27
2026-01-12,Facebook Ads,Mobile,2204,114,2090,1393,272,213,131,0.479,192.5,2.09,6.27,51.84
2026-01-12,Facebook Ads,Desktop,3085,207,2878,1414,303,191,88,0.487,180.2,1.57,3.06,70.96
2026-01-12,Organic,Mobile,3517,519,2998,1497,260,185,124,0.485,344.1,2.29,4.14,52.31
2026-01-12,Organic,Desktop,3167,187,2980,1798,530,420,200,0.256,316.4,3.27,6.71,62.26
2026-01-13,TikTok Ads,Mobile,4161,288,3873,1853,467,311,204,0.392,407.8,2.95,5.27,56.32
2026-01-13,TikTok Ads,Desktop,4092,340,3752,2436,499,353,163,0.393,234.5,2.17,4.34,67.33
2026-01-13,Google Ads,Mobile,4867,321,4546,2892,1003,605,368,0.326,134.6,2.51,8.1,63.31
2026-01-13,Google Ads,Desktop,4740,242,4498,2592,648,501,213,0.454,364.8,3.17,4.74,67.13
2026-01-13,Facebook Ads,Mobile,4769,630,4139,1707,416,282,139,0.385,258.3,2.58,3.36,66.59
2026-01-13,Facebook Ads,Desktop,4917,289,4628,3131,770,558,362,0.358,275.0,2.52,7.82,52.99
2026-01-13,Organic,Mobile,2498,356,2142,1389,238,147,77,0.28,342.9,1.86,3.59,67.65
2026-01-13,Organic,Desktop,3089,156,2933,1451,414,288,199,0.512,249.3,1.61,6.78,51.93
2026-01-14,TikTok Ads,Mobile,4382,618,3764,2432,427,341,162,0.467,446.9,2.09,4.3,62.06
2026-01-14,TikTok Ads,Desktop,4633,375,4258,2950,608,480,199,0.463,311.6,2.69,4.67,67.27
2026-01-14,Google Ads,Mobile,1893,228,1665,761,198,128,87,0.259,191.9,2.11,5.23,56.06
2026-01-14,Google Ads,Desktop,2656,194,2462,1347,437,324,185,0.277,369.8,1.92,7.51,57.67
2026-01-14,Facebook Ads,Mobile,4145,310,3835,2013,443,341,149,0.42,171.1,3.26,3.89,66.37
2026-01-14,Facebook Ads,Desktop,4620,431,4189,2288,767,540,294,0.423,368.1,1.77,7.02,61.67
2026-01-14,Organic,Mobile,4284,400,3884,1637,502,339,145,0.44,436.8,3.72,3.73,71.12
2026-01-14,Organic,Desktop,4830,660,4170,1670,377,287,146,0.43,338.3,2.41,3.5,61.27
2026-01-15,TikTok Ads,Mobile,4617,463,4154,2240,782,546,247,0.404,413.0,3.44,5.95,68.41
2026-01-15,TikTok Ads,Desktop,4154,501,3653,1739,560,436,199,0.289,471.2,3.67,5.45,64.46
2026-01-15,Google Ads,Mobile,4572,633,3939,2215,618,438,181,0.474,301.9,3.12,4.6,70.71
2026-01-15,Google Ads,Desktop,3010,298,2712,1224,251,158,72,0.542,175.1,2.17,2.65,71.31
2026-01-15,Facebook Ads,Mobile,3362,373,2989,1333,411,311,146,0.337,457.7,3.56,4.88,64.48
2026-01-15,Facebook Ads,Desktop,3791,220,3571,1876,491,313,167,0.43,237.9,3.45,4.68,65.99
2026-01-15,Organic,Mobile,4361,359,4002,2607,445,341,152,0.275,351.0,2.68,3.8,65.84
2026-01-15,Organic,Desktop,4631,399,4232,2057,514,355,178,0.458,393.4,3.63,4.21,65.37
2026-01-16,TikTok Ads,Mobile,4891,374,4517,2777,635,466,252,0.548,382.4,3.88,5.58,60.31
2026-01-16,TikTok Ads,Desktop,4339,608,3731,2403,581,377,192,0.256,308.6,2.76,5.15,66.95
2026-01-16,Google Ads,Mobile,3101,457,2644,1780,324,218,114,0.358,407.5,2.81,4.31,64.81
2026-01-16,Google Ads,Desktop,3288,444,2844,1825,322,239,126,0.338,138.0,2.72,4.43,60.87
2026-01-16,Facebook Ads,Mobile,2421,181,2240,1362,413,268,111,0.505,123.6,3.84,4.96,73.12
2026-01-16,Facebook Ads,Desktop,3510,288,3222,1527,231,149,65,0.434,180.0,2.82,2.02,71.86
2026-01-16,Organic,Mobile,3360,268,3092,1269,199,120,74,0.345,406.7,2.58,2.39,62.81
2026-01-16,Organic,Desktop,2811,284,2527,1551,317,197,111,0.348,279.3,3.12,4.39,64.98
2026-01-17,TikTok Ads,Mobile,2976,333,2643,1488,443,328,183,0.454,434.5,2.58,6.92,58.69
2026-01-17,TikTok Ads,Desktop,2651,335,2316,1331,218,169,69,0.475,393.2,3.88,2.98,68.35
2026-01-17,Google Ads,Mobile,1216,133,1083,572,123,76,43,0.394,157.6,3.03,3.97,65.04
2026-01-17,Google Ads,Desktop,3951,500,3451,2317,537,424,279,0.339,177.3,2.59,8.08,48.04
2026-01-17,Facebook Ads,Mobile,2607,280,2327,1338,401,281,121,0.507,231.5,3.93,5.2,69.83
2026-01-17,Facebook Ads,Desktop,1471,214,1257,537,105,63,38,0.505,276.3,3.82,3.02,63.81
2026-01-17,Organic,Mobile,3361,379,2982,1949,408,273,183,0.52,471.5,3.75,6.14,55.15
2026-01-17,Organic,Desktop,1509,199,1310,685,238,165,93,0.409,235.8,1.69,7.1,60.92
2026-01-18,TikTok Ads,Mobile,4582,596,3986,1761,537,389,203,0.326,429.5,3.25,5.09,62.2
2026-01-18,TikTok Ads,Desktop,3190,353,2837,1212,296,189,87,0.448,448.1,2.51,3.07,70.61
2026-01-18,Google Ads,Mobile,1830,210,1620,1071,320,247,138,0.476,170.4,2.37,8.52,56.88
2026-01-18,Google Ads,Desktop,2558,258,2300,1561,507,317,143,0.357,224.7,3.04,6.22,71.79
2026-01-18,Facebook Ads,Mobile,4611,674,3937,2346,745,525,242,0.407,319.8,3.36,6.15,67.52
2026-01-18,Facebook Ads,Desktop,1879,163,1716,873,298,205,128,0.475,215.6,2.93,7.46,57.05
2026-01-18,Organic,Mobile,4577,446,4131,2823,544,334,222,0.504,477.3,3.2,5.37,59.19
2026-01-18,Organic,Desktop,4746,629,4117,2689,709,479,325,0.38,314.0,2.62,7.89,54.16
2026-01-19,TikTok Ads,Mobile,3259,316,2943,1219,397,273,157,0.292,121.2,2.11,5.33,60.45
2026-01-19,TikTok Ads,Desktop,3818,228,3590,2414,465,298,135,0.254,397.8,3.69,3.76,70.97
2026-01-19,Google Ads,Mobile,3456,237,3219,1563,383,302,143,0.469,278.2,2.24,4.44,62.66
2026-01-19,Google Ads,Desktop,2823,161,2662,1702,338,251,105,0.537,189.5,3.71,3.94,68.93
2026-01-19,Facebook Ads,Mobile,4237,621,3616,1964,580,391,178,0.383,179.7,3.96,4.92,69.31
2026-01-19,Facebook Ads,Desktop,1384,150,1234,725,186,136,59,0.417,223.4,3.85,4.78,68.28
2026-01-19,Organic,Mobile,4048,596,3452,1419,293,187,75,0.323,364.4,2.08,2.17,74.4
2026-01-19,Organic,Desktop,3036,421,2615,1590,363,244,130,0.303,348.2,2.41,4.97,64.19
2026-01-20,TikTok Ads,Mobile,4409,554,3855,2248,500,320,202,0.396,200.9,1.99,5.24,59.6
2026-01-20,TikTok Ads,Desktop,1661,212,1449,679,173,119,68,0.513,432.4,2.63,4.69,60.69
2026-01-20,Google Ads,Mobile,1061,98,963,560,146,106,47,0.444,185.8,3.38,4.88,67.81
2026-01-20,Google Ads,Desktop,2356,285,2071,858,198,146,68,0.489,347.1,2.97,3.28,65.66
2026-01-20,Facebook Ads,Mobile,2414,237,2177,1260,308,227,120,0.311,197.0,1.51,5.51,61.04
2026-01-20,Facebook Ads,Desktop,2203,275,1928,1230,234,185,101,0.525,374.4,3.31,5.24,56.84
2026-01-20,Organic,Mobile,1340,96,1244,500,146,97,61,0.352,415.0,1.83,4.9,58.22
2026-01-20,Organic,Desktop,1693,142,1551,810,177,133,57,0.355,421.4,1.67,3.68,67.8
2026-01-21,TikTok Ads,Mobile,4769,708,4061,1732,360,242,153,0.429,352.0,3.39,3.77,57.5
2026-01-21,TikTok Ads,Desktop,1471,196,1275,779,206,160,97,0.311,274.7,2.74,7.61,52.91
2026-01-21,Google Ads,Mobile,1220,177,1043,457,132,92,37,0.527,426.7,2.81,3.55,71.97
2026-01-21,Google Ads,Desktop,1915,119,1796,914,183,128,88,0.422,440.4,3.13,4.9,51.91
2026-01-21,Facebook Ads,Mobile,2900,392,2508,1357,439,289,126,0.507,331.5,3.72,5.02,71.3
2026-01-21,Facebook Ads,Desktop,4751,263,4488,2469,555,402,256,0.334,320.4,3.27,5.7,53.87
2026-01-21,Organic,Mobile,1537,201,1336,777,264,176,76,0.402,150.9,3.92,5.69,71.21
2026-01-21,Organic,Desktop,1154,144,1010,563,125,76,44,0.426,221.1,3.78,4.36,64.8
2026-01-22,TikTok Ads,Mobile,2216,210,2006,1129,191,150,76,0.274,259.4,3.0,3.79,60.21
2026-01-22,TikTok Ads,Desktop,3054,364,2690,1120,231,176,74,0.507,153.1,3.59,2.75,67.97
2026-01-22,Google Ads,Mobile,2443,271,2172,968,158,101,44,0.344,305.2,2.97,2.03,72.15
2026-01-22,Google Ads,Desktop,4159,480,3679,2143,497,345,180,0.503,202.8,1.51,4.89,63.78
2026-01-22,Facebook Ads,Mobile,3605,253,3352,2235,719,442,190,0.399,339.3,2.19,5.67,73.57
2026-01-22,Facebook Ads,Desktop,3867,423,3444,1713,265,198,91,0.5,271.3,2.94,2.64,65.66
2026-01-22,Organic,Mobile,4491,612,3879,1983,380,286,151,0.308,445.6,2.0,3.89,60.26
2026-01-22,Organic,Desktop,1103,57,1046,613,173,114,56,0.352,364.9,1.65,5.35,67.63
2026-01-23,TikTok Ads,Mobile,4716,340,4376,3062,564,425,198,0.274,435.0,3.65,4.52,64.89
2026-01-23,TikTok Ads,Desktop,2614,314,2300,1304,418,277,154,0.396,247.4,3.73,6.7,63.16
2026-01-23,Google Ads,Mobile,1663,108,1555,891,250,159,82,0.534,208.8,3.17,5.27,67.2
2026-01-23,Google Ads,Desktop,3960,375,3585,2442,726,502,286,0.458,333.2,3.7,7.98,60.61
2026-01-23,Facebook Ads,Mobile,2427,194,2233,1036,163,99,65,0.454,357.8,3.04,2.91,60.12
2026-01-23,Facebook Ads,Desktop,4396,430,3966,2622,581,456,277,0.327,323.1,2.83,6.98,52.32
2026-01-23,Organic,Mobile,1551,169,1382,683,109,86,50,0.513,363.4,2.39,3.62,54.13
2026-01-23,Organic,Desktop,3050,358,2692,1852,371,287,194,0.451,455.3,2.49,7.21,47.71
2026-01-24,TikTok Ads,Mobile,4812,578,4234,1746,578,402,216,0.42,173.8,2.67,5.1,62.63
2026-01-24,TikTok Ads,Desktop,4324,222,4102,1976,297,202,124,0.49,460.3,3.02,3.02,58.25
2026-01-24,Google Ads,Mobile,2018,287,1731,1095,290,214,144,0.464,252.6,3.28,8.32,50.34
2026-01-24,Google Ads,Desktop,1161,102,1059,552,101,61,26,0.446,408.8,3.97,2.46,74.26
2026-01-24,Facebook Ads,Mobile,2385,262,2123,1446,265,197,123,0.277,430.0,3.53,5.79,53.58
2026-01-24,Facebook Ads,Desktop,1133,66,1067,442,95,66,36,0.33,448.2,2.42,3.37,62.11
2026-01-24,Organic,Mobile,1182,94,1088,608,140,91,39,0.496,478.6,2.32,3.58,72.14
2026-01-24,Organic,Desktop,2526,282,2244,1381,315,246,139,0.385,352.8,3.88,6.19,55.87
2026-01-25,TikTok Ads,Mobile,4178,225,3953,1975,482,319,194,0.498,383.3,3.97,4.91,59.75
2026-01-25,TikTok Ads,Desktop,2090,287,1803,1135,252,188,81,0.487,311.6,2.23,4.49,67.86
2026-01-25,Google Ads,Mobile,3623,413,3210,1485,231,158,90,0.513,454.2,2.82,2.8,61.04
2026-01-25,Google Ads,Desktop,4015,377,3638,2269,433,291,171,0.255,380.1,3.59,4.7,60.51
2026-01-25,Facebook Ads,Mobile,2596,246,2350,1540,469,308,153,0.454,322.8,1.91,6.51,67.38
2026-01-25,Facebook Ads,Desktop,2239,313,1926,1168,405,305,208,0.315,397.7,1.55,10.8,48.64
2026-01-25,Organic,Mobile,3683,356,3327,1676,540,416,169,0.433,252.4,2.54,5.08,68.7
2026-01-25,Organic,Desktop,4328,350,3978,2716,504,369,222,0.326,236.9,3.59,5.58,55.95
2026-01-26,TikTok Ads,Mobile,4047,335,3712,2079,337,216,117,0.276,423.6,3.3,3.15,65.28
2026-01-26,TikTok Ads,Desktop,4774,569,4205,2868,748,538,372,0.443,131.1,3.31,8.85,50.27
2026-01-26,Google Ads,Mobile,4621,598,4023,2313,657,524,223,0.45,222.0,3.1,5.54,66.06
2026-01-26,Google Ads,Desktop,3430,224,3206,1481,406,254,121,0.501,237.8,2.72,3.77,70.2
2026-01-26,Facebook Ads,Mobile,4764,346,4418,2283,619,464,311,0.525,399.6,2.07,7.04,49.76
2026-01-26,Facebook Ads,Desktop,1099,97,1002,443,129,94,38,0.501,209.5,2.58,3.79,70.54
2026-01-26,Organic,Mobile,3671,341,3330,1772,289,196,123,0.525,268.9,2.56,3.69,57.44
2026-01-26,Organic,Desktop,3810,549,3261,1565,372,282,164,0.283,346.0,1.97,5.03,55.91
2026-01-27,TikTok Ads,Mobile,3040,312,2728,1808,438,287,134,0.512,181.6,2.56,4.91,69.41
2026-01-27,TikTok Ads,Desktop,1748,222,1526,827,182,122,79,0.416,378.4,3.74,5.18,56.59
2026-01-27,Google Ads,Mobile,4606,381,4225,2897,448,302,201,0.332,218.3,2.26,4.76,55.13
2026-01-27,Google Ads,Desktop,3449,323,3126,1931,635,466,214,0.53,215.2,1.87,6.85,66.3
2026-01-27,Facebook Ads,Mobile,1359,144,1215,527,93,61,29,0.431,414.0,3.4,2.39,68.82
2026-01-27,Facebook Ads,Desktop,2049,152,1897,1308,198,153,70,0.534,243.2,2.6,3.69,64.65
2026-01-27,Organic,Mobile,3828,416,3412,1690,440,328,135,0.253,284.9,1.83,3.96,69.32
2026-01-27,Organic,Desktop,3657,261,3396,1799,340,241,104,0.257,138.4,3.89,3.06,69.41
2026-01-28,TikTok Ads,Mobile,1569,189,1380,580,99,69,37,0.535,460.1,3.45,2.68,62.63
2026-01-28,TikTok Ads,Desktop,3408,325,3083,1562,530,381,218,0.32,136.8,3.86,7.07,58.87
2026-01-28,Google Ads,Mobile,2254,212,2042,887,281,170,110,0.292,439.2,3.32,5.39,60.85
2026-01-28,Google Ads,Desktop,1658,176,1482,731,135,104,54,0.37,181.2,2.46,3.64,60.0
2026-01-28,Facebook Ads,Mobile,4486,387,4099,2809,952,598,271,0.509,261.4,1.51,6.61,71.53
2026-01-28,Facebook Ads,Desktop,2095,229,1866,1193,210,130,87,0.475,332.3,3.42,4.66,58.57
2026-01-28,Organic,Mobile,2715,341,2374,1214,241,179,94,0.544,245.8,3.8,3.96,61.0
2026-01-28,Organic,Desktop,4731,350,4381,2801,662,518,277,0.473,288.1,2.07,6.32,58.16
2026-01-29,TikTok Ads,Mobile,1797,166,1631,1022,276,203,98,0.394,136.0,3.54,6.01,64.49
2026-01-29,TikTok Ads,Desktop,4959,449,4510,1818,334,243,141,0.486,211.4,3.41,3.13,57.78
2026-01-29,Google Ads,Mobile,3751,308,3443,1940,348,240,159,0.376,422.2,2.98,4.62,54.31
2026-01-29,Google Ads,Desktop,1767,191,1576,869,199,124,65,0.272,155.6,2.54,4.12,67.34
2026-01-29,Facebook Ads,Mobile,2221,316,1905,976,294,207,126,0.328,459.1,2.83,6.61,57.14
2026-01-29,Facebook Ads,Desktop,4325,374,3951,1699,483,290,157,0.308,345.9,3.95,3.97,67.49
2026-01-29,Organic,Mobile,2857,376,2481,1370,341,268,178,0.486,226.7,2.86,7.17,47.8
2026-01-29,Organic,Desktop,1895,178,1717,936,296,230,120,0.255,430.2,1.94,6.99,59.46
2026-01-30,TikTok Ads,Mobile,3487,183,3304,1717,596,369,194,0.342,445.8,3.67,5.87,67.45
2026-01-30,TikTok Ads,Desktop,1950,113,1837,1080,234,171,70,0.29,367.1,2.03,3.81,70.09
2026-01-30,Google Ads,Mobile,4430,247,4183,1943,679,466,284,0.305,339.6,3.32,6.79,58.17
2026-01-30,Google Ads,Desktop,2257,299,1958,1137,259,184,105,0.3,265.0,2.36,5.36,59.46
2026-01-30,Facebook Ads,Mobile,2603,328,2275,1239,418,275,144,0.486,316.6,2.87,6.33,65.55
2026-01-30,Facebook Ads,Desktop,1213,109,1104,531,185,122,81,0.453,242.7,2.86,7.34,56.22
2026-01-30,Organic,Mobile,4362,603,3759,1684,366,244,100,0.429,427.7,2.45,2.66,72.68
2026-01-30,Organic,Desktop,3960,446,3514,1801,320,237,155,0.456,126.4,2.04,4.41,51.56
2026-01-31,TikTok Ads,Mobile,1277,136,1141,715,123,94,53,0.457,469.7,1.71,4.65,56.91
2026-01-31,TikTok Ads,Desktop,4604,288,4316,2235,715,558,307,0.428,374.9,3.58,7.11,57.06
2026-01-31,Google Ads,Mobile,1486,194,1292,703,168,115,63,0.534,317.4,3.88,4.88,62.5
2026-01-31,Google Ads,Desktop,1721,210,1511,972,277,199,113,0.508,415.8,1.81,7.48,59.21
2026-01-31,Facebook Ads,Mobile,4394,401,3993,1901,615,422,271,0.329,121.4,2.74,6.79,55.93
2026-01-31,Facebook Ads,Desktop,1400,175,1225,591,141,87,42,0.484,174.6,3.12,3.43,70.21
2026-01-31,Organic,Mobile,4669,550,4119,2649,455,295,197,0.465,350.2,3.16,4.78,56.7
2026-01-31,Organic,Desktop,2656,144,2512,1595,455,316,211,0.351,226.0,3.68,8.4,53.63
2026-02-01,TikTok Ads,Mobile,4187,424,3763,1652,318,232,119,0.501,462.0,3.51,3.16,62.58
2026-02-01,TikTok Ads,Desktop,2510,323,2187,1105,202,122,62,0.521,206.0,2.02,2.83,69.31
2026-02-01,Google Ads,Mobile,4879,256,4623,2939,629,382,257,0.292,318.6,2.19,5.56,59.14
2026-02-01,Google Ads,Desktop,1260,69,1191,517,84,63,34,0.353,270.6,3.82,2.85,59.52
2026-02-01,Facebook Ads,Mobile,4643,564,4079,2714,580,392,228,0.437,293.4,2.5,5.59,60.69
2026-02-01,Facebook Ads,Desktop,4944,653,4291,2276,672,439,188,0.356,265.1,1.54,4.38,72.02
2026-02-01,Organic,Mobile,4259,365,3894,2235,368,233,155,0.433,462.1,4.0,3.98,57.88
2026-02-01,Organic,Desktop,2487,198,2289,1505,526,381,243,0.485,247.9,2.94,10.62,53.8
2026-02-02,TikTok Ads,Mobile,4332,514,3818,1551,337,211,99,0.522,133.3,2.05,2.59,70.62
2026-02-02,TikTok Ads,Desktop,2238,249,1989,1114,215,136,64,0.401,217.6,3.87,3.22,70.23
2026-02-02,Google Ads,Mobile,2855,159,2696,1668,359,262,126,0.421,398.0,3.82,4.67,64.9
2026-02-02,Google Ads,Desktop,2044,170,1874,1010,338,263,112,0.29,298.4,1.77,5.98,66.86
2026-02-02,Facebook Ads,Mobile,2382,154,2228,1316,447,357,182,0.43,428.3,1.79,8.17,59.28
2026-02-02,Facebook Ads,Desktop,3758,341,3417,1578,363,223,135,0.326,232.1,1.8,3.95,62.81
2026-02-02,Organic,Mobile,4458,442,4016,2295,605,412,188,0.474,165.7,1.76,4.68,68.93
2026-02-02,Organic,Desktop,3840,272,3568,1755,430,296,181,0.437,352.0,3.29,5.07,57.91
