date,funnel_stage,spend,impressions,clicks,orders,revenue,ctr,cpm,cpc,cpa,roas,aov,contribution,conv_rate
2025-11-04,TOF,4811.81,545071,14259,154,14041.85,2.62,8.83,0.34,31.16,2.92,90.92,9230.04,1.08
2025-11-04,MOF,2690.4,182323,6848,123,16019.44,3.76,14.76,0.39,21.76,5.95,129.57,13329.05,1.81
2025-11-04,BOF,1712.35,109398,5833,91,8472.55,5.33,15.65,0.29,18.74,4.95,92.73,6760.2,1.57
2025-11-04,RET,905.02,48042,2896,78,10118.93,6.03,18.84,0.31,11.55,11.18,129.12,9213.91,2.71
2025-11-05,TOF,5185.01,465495,11153,144,16169.37,2.4,11.14,0.46,35.89,3.12,111.92,10984.36,1.3
2025-11-05,MOF,3267.51,188613,6620,123,10301.38,3.51,17.32,0.49,26.41,3.15,83.25,7033.86,1.87
2025-11-05,BOF,2071.41,93721,4278,113,16802.84,4.57,22.1,0.48,18.2,8.11,147.59,14731.43,2.66
2025-11-05,RET,1096.16,48206,2659,84,12198.52,5.52,22.74,0.41,12.94,11.13,144.02,11102.36,3.18
2025-11-06,TOF,4462.61,502847,11400,169,16634.57,2.27,8.87,0.39,26.32,3.73,98.11,12171.96,1.49
2025-11-06,MOF,3167.25,193751,6808,122,11384.46,3.51,16.35,0.47,25.86,3.59,92.94,8217.21,1.8
2025-11-06,BOF,2296.96,106206,5777,112,13719.48,5.44,21.63,0.4,20.4,5.97,121.85,11422.52,1.95
2025-11-06,RET,1134.07,46190,2602,69,9217.15,5.64,24.55,0.44,16.31,8.13,132.53,8083.07,2.67
2025-11-07,RET,1079.39,53239,2922,77,8633.39,5.49,20.27,0.37,13.95,8.0,111.59,7554.0,2.65
2025-11-07,BOF,2184.98,94914,4276,110,14315.11,4.51,23.02,0.51,19.76,6.55,129.48,12130.13,2.59
2025-11-07,TOF,4881.35,481906,12839,144,14450.43,2.66,10.13,0.38,33.67,2.96,99.67,9569.09,1.13
2025-11-07,MOF,3068.81,187493,6958,105,15762.55,3.71,16.37,0.44,29.02,5.14,149.08,12693.74,1.52
2025-11-07,UNCATEGORIZED,1969.96,34075,665,39,4247.08,0.0,0.0,0.0,0.0,0.0,0.0,0.0,0.0
2025-11-08,TOF,3933.01,363412,8778,92,9410.43,2.42,10.82,0.45,42.53,2.39,101.77,5477.42,1.05
2025-11-08,MOF,2016.4,148381,5336,95,10741.12,3.6,13.59,0.38,21.22,5.33,113.06,8724.72,1.78
2025-11-08,BOF,1256.77,73958,3890,72,9677.47,5.26,16.99,0.32,17.4,7.7,133.97,8420.7,1.86
2025-11-08,RET,708.01,35627,2106,48,5391.82,5.91,19.87,0.34,14.55,7.62,110.79,4683.81,2.31
2025-11-09,TOF,3058.13,365541,8799,107,15361.19,2.41,8.37,0.35,28.57,5.02,143.53,12303.05,1.22
2025-11-09,MOF,1974.42,139782,5142,78,6698.89,3.68,14.12,0.38,25.17,3.39,85.39,4724.47,1.53
2025-11-09,BOF,1333.56,66344,3602,77,9666.68,5.43,20.1,0.37,17.15,7.25,124.34,8333.13,2.16
2025-11-09,RET,790.97,37744,2122,63,9796.1,5.62,20.96,0.37,12.43,12.38,153.93,9005.13,3.0
2025-11-10,TOF,5570.38,550401,13259,135,12963.72,2.41,10.12,0.42,41.23,2.33,95.96,7393.33,1.02
2025-11-10,MOF,2993.08,216975,8142,104,12072.42,3.75,13.79,0.37,28.7,4.03,115.75,9079.34,1.28
2025-11-10,BOF,1989.46,96330,4450,97,14166.89,4.62,20.65,0.45,20.5,7.12,146.0,12177.43,2.18
2025-11-10,RET,965.9,51191,3196,78,15431.49,6.24,18.87,0.3,12.34,15.98,197.18,14465.59,2.45
2025-11-11,RET,944.14,52928,3341,75,13034.73,6.31,17.84,0.28,12.52,13.81,172.82,12090.59,2.26
2025-11-11,BOF,2297.34,97003,4505,102,15198.96,4.64,23.68,0.51,22.52,6.62,149.0,12901.62,2.26
2025-11-11,TOF,5826.52,486265,12149,144,14424.22,2.5,11.98,0.48,40.37,2.48,99.94,8597.69,1.19
2025-11-11,MOF,2643.47,209151,7324,106,10575.07,3.5,12.64,0.36,24.87,4.0,99.51,7931.59,1.45
2025-11-12,TOF,4929.72,526916,13524,155,13435.99,2.57,9.36,0.36,31.67,2.73,86.32,8506.27,1.15
2025-11-12,MOF,3389.82,197973,6494,106,12891.98,3.28,17.12,0.52,31.91,3.8,121.36,9502.16,1.64
2025-11-12,BOF,2162.71,92740,4648,94,11795.62,5.01,23.32,0.47,22.95,5.45,125.16,9632.91,2.03
2025-11-12,RET,926.37,53293,3125,92,10566.93,5.86,17.38,0.3,9.97,11.41,113.75,9640.56,2.97
2025-11-13,TOF,4904.45,475187,12888,171,16864.61,2.71,10.32,0.38,28.52,3.44,98.06,11960.16,1.33
2025-11-13,MOF,3238.31,219069,7752,124,12087.07,3.54,14.78,0.42,25.97,3.73,96.93,8848.77,1.61
2025-11-13,BOF,1808.54,111182,6004,107,11111.04,5.4,16.27,0.3,16.88,6.14,103.73,9302.5,1.78
2025-11-13,RET,983.41,53827,3486,91,16369.3,6.48,18.27,0.28,10.69,16.65,177.99,15385.89,2.64
2025-11-14,TOF,5386.82,473694,11040,173,21249.09,2.33,11.37,0.49,31.04,3.94,122.45,15862.28,1.57
2025-11-14,MOF,2643.55,190194,6874,105,9635.62,3.61,13.9,0.38,25.04,3.64,91.26,6992.07,1.54
2025-11-14,BOF,2096.88,107299,5528,94,12308.16,5.15,19.54,0.38,22.12,5.87,129.85,10211.28,1.71
2025-11-14,RET,951.88,49862,3139,86,15973.14,6.3,19.09,0.3,11.02,16.78,184.92,15021.26,2.75
2025-11-15,RET,774.09,34692,1883,60,7131.75,5.43,22.31,0.41,12.78,9.21,117.71,6357.65,3.22
2025-11-15,BOF,1579.69,72604,3686,72,6781.85,5.08,21.76,0.43,21.82,4.29,93.67,5202.15,1.96
2025-11-15,TOF,3799.89,367790,8447,104,10302.94,2.3,10.33,0.45,36.35,2.71,98.56,6503.04,1.24
2025-11-15,MOF,2009.8,158863,5441,97,12085.4,3.43,12.65,0.37,20.65,6.01,124.18,10075.6,1.79
2025-11-16,TOF,4120.98,397046,10749,104,8509.26,2.71,10.38,0.38,39.27,2.06,81.08,4388.28,0.98
2025-11-16,MOF,2464.63,143508,5491,99,13902.69,3.83,17.17,0.45,24.77,5.64,139.71,11438.05,1.81
2025-11-16,BOF,1366.22,71127,3806,68,6320.42,5.35,19.21,0.36,19.86,4.63,91.86,4954.21,1.81
2025-11-16,RET,740.41,39575,2467,59,6524.26,6.24,18.71,0.3,12.45,8.81,109.72,5783.86,2.41
2025-11-17,TOF,5396.65,572795,13289,157,22253.32,2.32,9.42,0.41,34.29,4.12,141.42,16856.67,1.18
2025-11-17,MOF,3356.08,216888,7898,119,12058.38,3.64,15.47,0.42,27.99,3.59,100.55,8702.3,1.52
2025-11-17,BOF,2280.33,110804,5946,117,13578.9,5.37,20.58,0.38,19.45,5.95,115.79,11298.57,1.97
2025-11-17,RET,1043.81,55278,3416,88,15897.06,6.18,18.88,0.31,11.79,15.23,179.58,14853.25,2.59
2025-11-18,TOF,5845.64,506376,12344,137,16611.31,2.44,11.54,0.47,42.4,2.84,120.48,10765.67,1.12
2025-11-18,MOF,2702.86,207893,7338,117,14266.51,3.53,13.0,0.37,22.99,5.28,121.36,11563.65,1.6
2025-11-18,BOF,1798.49,94981,5055,100,8914.02,5.32,18.94,0.36,17.94,4.96,88.89,7115.53,1.98
2025-11-18,RET,1053.65,55159,3121,86,9423.02,5.66,19.1,0.34,12.14,8.94,108.53,8369.37,2.78
2025-11-18,UNCATEGORIZED,1295.45,11678,974,41,2171.29,0.0,0.0,0.0,0.0,0.0,0.0,0.0,0.0
2025-11-19,RET,1111.73,51544,2890,75,9419.61,5.61,21.57,0.38,14.76,8.47,125.02,8307.87,2.61
2025-11-19,MOF,3599.68,210684,7112,137,13572.92,3.38,17.09,0.51,26.24,3.77,98.96,9973.24,1.93
2025-11-19,TOF,4543.9,528292,13314,163,21454.69,2.52,8.6,0.34,27.71,4.72,130.83,16910.79,1.23
2025-11-19,BOF,2061.55,96147,4351,119,16563.14,4.53,21.44,0.47,17.24,8.03,138.52,14501.59,2.75
2025-11-20,BOF,2015.64,110765,5000,93,7756.22,4.51,18.2,0.4,21.63,3.85,83.22,5740.58,1.86
2025-11-20,RET,908.2,56410,3522,83,9179.41,6.24,16.1,0.26,10.86,10.11,109.78,8271.2,2.37
2025-11-20,TOF,5344.44,549270,14171,147,21669.1,2.58,9.73,0.38,36.22,4.05,146.84,16324.65,1.04
2025-11-20,MOF,3385.53,212956,7620,123,12007.15,3.58,15.9,0.44,27.45,3.55,97.34,8621.63,1.62
2025-11-21,TOF,5270.04,525530,12279,155,16762.04,2.34,10.03,0.43,33.92,3.18,107.9,11492.0,1.27
2025-11-21,MOF,3280.17,217043,6905,122,15108.59,3.18,15.11,0.47,26.88,4.61,123.81,11828.42,1.77
2025-11-21,BOF,2115.32,113200,5839,94,8067.73,5.16,18.69,0.36,22.27,3.81,84.94,5952.41,1.63
2025-11-21,RET,1101.81,47830,2919,95,15076.91,6.1,23.04,0.38,11.51,13.68,157.55,13975.09,3.28
2025-11-22,TOF,3585.53,381631,9461,112,16461.18,2.48,9.4,0.38,31.78,4.59,145.9,12875.65,1.19
2025-11-22,MOF,2149.94,162088,6133,80,6865.98,3.78,13.26,0.35,26.57,3.19,84.86,4716.04,1.32
2025-11-22,BOF,1306.27,67050,3080,78,6651.95,4.59,19.48,0.42,16.69,5.09,84.98,5345.69,2.54
2025-11-22,RET,701.7,39658,2152,64,8326.94,5.43,17.69,0.33,10.8,11.87,128.19,7625.23,3.02
2025-11-23,RET,840.52,39884,2359,64,11234.03,5.91,21.07,0.36,13.13,13.37,175.45,10393.51,2.71
2025-11-23,BOF,1707.73,73132,3563,80,8371.4,4.87,23.35,0.48,21.19,4.9,103.86,6663.67,2.26
2025-11-23,MOF,2436.3,142377,4661,96,13106.77,3.27,17.11,0.52,25.37,5.38,136.48,10670.47,2.06
2025-11-23,TOF,3295.35,386810,9919,124,16338.99,2.56,8.52,0.33,26.51,4.96,131.45,13043.64,1.25
2025-11-24,MOF,3579.7,208605,6586,143,12402.73,3.16,17.16,0.54,24.93,3.46,86.39,8823.03,2.18
2025-11-24,BOF,2017.69,116267,6337,109,13542.99,5.45,17.35,0.32,18.51,6.71,124.23,11525.3,1.72
2025-11-24,RET,1050.17,51127,2962,89,15727.53,5.79,20.54,0.35,11.7,14.98,175.24,14677.36,3.03
2025-11-24,TOF,4698.33,576272,14421,175,17989.21,2.5,8.15,0.33,26.75,3.83,102.4,13290.88,1.22
2025-11-25,TOF,5817.98,565989,12992,160,13464.1,2.3,10.28,0.45,36.31,2.31,84.03,7646.11,1.23
2025-11-25,MOF,3257.7,211497,7976,122,10817.72,3.77,15.4,0.41,26.56,3.32,88.19,7560.02,1.54
2025-11-25,BOF,1910.8,112596,5762,94,8090.26,5.12,16.97,0.33,20.29,4.23,85.89,6179.46,1.63
2025-11-25,RET,1134.51,48928,3124,90,9829.06,6.39,23.19,0.36,12.48,8.66,108.13,8694.55,2.91
2025-11-26,TOF,4698.26,588899,14352,154,21184.93,2.44,7.98,0.33,30.36,4.51,136.9,16486.67,1.08
2025-11-26,MOF,3652.04,235532,8661,124,10646.39,3.68,15.51,0.42,29.45,2.92,85.85,6994.35,1.43
2025-11-26,BOF,2325.15,108587,5347,120,10570.75,4.92,21.41,0.43,19.31,4.55,87.78,8245.6,2.25
2025-11-26,RET,1070.96,48421,2887,74,8328.15,5.96,22.12,0.37,14.39,7.78,111.88,7257.19,2.58
2025-11-27,RET,1235.89,49244,2986,98,14965.98,6.06,25.1,0.41,12.58,12.11,152.31,13730.08,3.29
2025-11-27,BOF,1838.19,117784,5351,120,14067.84,4.54,15.61,0.34,15.28,7.65,116.94,12229.65,2.25
2025-11-27,TOF,4765.64,554398,14541,165,24392.55,2.62,8.6,0.33,28.79,5.12,147.35,19626.91,1.14
2025-11-27,MOF,3108.75,206104,7745,118,17467.95,3.76,15.08,0.4,26.24,5.62,147.43,14359.2,1.53
2025-11-28,TOF,5609.63,561140,13900,168,20335.63,2.48,10.0,0.4,33.35,3.63,120.9,14726.01,1.21
2025-11-28,MOF,3629.93,196363,6571,147,20936.75,3.35,18.49,0.55,24.67,5.77,142.32,17306.83,2.24
2025-11-28,BOF,2131.27,110594,5283,97,11009.18,4.78,19.27,0.4,21.77,5.17,112.46,8877.91,1.85
2025-11-28,RET,1032.49,54903,3016,98,19603.17,5.49,18.81,0.34,10.46,18.99,198.62,18570.68,3.27
2025-11-29,TOF,4017.08,381903,9183,124,15922.09,2.4,10.52,0.44,32.28,3.96,127.93,11905.02,1.36
2025-11-29,MOF,2044.74,164131,6115,103,13509.0,3.73,12.46,0.33,19.8,6.61,130.8,11464.27,1.69
2025-11-29,BOF,1568.27,74593,4052,84,6999.3,5.43,21.02,0.39,18.63,4.46,83.17,5431.03,2.08
2025-11-29,RET,650.58,36979,2356,69,7999.43,6.37,17.59,0.28,9.36,12.3,115.04,7348.85,2.95
2025-11-30,TOF,3910.74,371273,10154,125,17447.81,2.73,10.53,0.39,31.08,4.46,138.68,13537.07,1.24
2025-11-30,MOF,2260.57,149541,4996,79,11120.43,3.34,15.12,0.45,28.57,4.92,140.53,8859.87,1.58
2025-11-30,BOF,1664.14,83669,4598,77,10349.22,5.5,19.89,0.36,21.52,6.22,133.83,8685.08,1.68
2025-11-30,RET,862.16,40692,2318,59,6769.36,5.7,21.19,0.37,14.38,7.85,112.92,5907.2,2.59
2025-12-01,RET,1058.44,50510,2745,93,15210.56,5.43,20.95,0.39,11.28,14.37,162.03,14152.12,3.42
2025-12-01,MOF,3130.86,201151,7281,131,17642.18,3.62,15.56,0.43,23.79,5.63,134.06,14511.32,1.81
2025-12-01,TOF,6192.37,556573,13159,171,21192.64,2.36,11.13,0.47,36.02,3.42,123.27,15000.27,1.31
2025-12-01,BOF,2193.19,116677,5894,110,15690.56,5.05,18.8,0.37,19.76,7.15,141.37,13497.38,1.88
2025-12-02,TOF,5801.36,515284,11945,140,14647.84,2.32,11.26,0.49,41.4,2.52,104.54,8846.49,1.17
2025-12-02,MOF,3368.48,213954,7394,147,15354.79,3.46,15.74,0.46,22.9,4.56,104.38,11986.31,1.99
2025-12-02,BOF,2195.84,115535,5657,113,15908.71,4.9,19.01,0.39,19.37,7.24,140.37,13712.87,2.0
2025-12-02,RET,1240.78,50808,3308,87,10979.42,6.51,24.42,0.38,14.22,8.85,125.82,9738.64,2.64
2025-12-03,TOF,5416.11,600976,15002,156,19402.82,2.5,9.01,0.36,34.71,3.58,124.34,13986.7,1.04
2025-12-03,MOF,3033.52,200727,6504,116,10596.4,3.24,15.11,0.47,25.95,3.49,90.63,7562.88,1.8
2025-12-03,BOF,1955.68,112756,5279,104,14932.73,4.68,17.34,0.37,18.7,7.64,142.78,12977.05,1.98
2025-12-03,RET,1088.1,56670,3177,79,8288.89,5.61,19.2,0.34,13.66,7.62,104.09,7200.79,2.51
2025-12-04,TOF,4953.74,525644,12292,144,12792.68,2.34,9.42,0.4,34.25,2.58,88.44,7838.94,1.18
2025-12-04,MOF,3261.17,207078,7051,132,16956.61,3.4,15.75,0.46,24.68,5.2,128.33,13695.44,1.87
2025-12-04,BOF,1895.95,116587,5978,96,13578.4,5.13,16.26,0.32,19.71,7.16,141.15,11682.46,1.61
2025-12-04,RET,1238.89,50171,2875,96,16797.93,5.73,24.69,0.43,12.89,13.56,174.83,15559.04,3.34
2025-12-05,RET,1085.93,55526,3159,82,11315.25,5.69,19.56,0.34,13.22,10.42,137.73,10229.32,2.6
2025-12-05,UNCATEGORIZED,1058.25,27283,551,34,4772.3,0.0,0.0,0.0,0.0,0.0,0.0,0.0,0.0
2025-12-05,BOF,2347.9,119054,5966,111,9747.4,5.01,19.72,0.39,21.08,4.15,87.5,7399.5,1.87
2025-12-05,TOF,4994.55,519598,12653,164,20307.75,2.44,9.61,0.39,30.32,4.07,123.28,15313.2,1.3
2025-12-05,MOF,3179.83,219013,8044,113,11134.16,3.67,14.52,0.4,27.89,3.5,97.67,7954.33,1.42
2025-12-06,TOF,3315.66,373550,8799,110,9738.66,2.36,8.88,0.38,30.09,2.94,88.38,6423.0,1.25
2025-12-06,RET,688.12,37058,2162,64,10160.77,5.84,18.57,0.32,10.64,14.77,157.08,9472.66,2.99
2025-12-06,BOF,1357.33,78041,3969,83,9166.75,5.09,17.39,0.34,16.32,6.75,110.22,7809.42,2.1
2025-12-06,MOF,2596.28,157833,5722,101,11606.79,3.63,16.45,0.45,25.7,4.47,114.89,9010.51,1.77
2025-12-07,TOF,3717.28,426302,10883,107,9353.9,2.55,8.72,0.34,34.62,2.52,87.12,5636.62,0.99
2025-12-07,MOF,2088.24,147504,4812,84,8443.6,3.26,14.16,0.43,24.72,4.04,99.96,6355.36,1.76
2025-12-07,BOF,1401.73,83865,3841,78,8510.27,4.58,16.71,0.36,17.91,6.07,108.73,7108.54,2.04
2025-12-07,RET,889.44,35835,2106,70,13229.18,5.88,24.82,0.42,12.54,14.87,186.55,12339.74,3.37
2025-12-08,TOF,6096.18,529713,12371,175,25449.99,2.34,11.51,0.49,34.75,4.17,145.06,19353.81,1.42
2025-12-08,MOF,3396.88,225855,7557,144,13442.76,3.35,15.04,0.45,23.52,3.96,93.09,10045.88,1.91
2025-12-08,BOF,2108.88,109673,5491,102,9044.19,5.01,19.23,0.38,20.53,4.29,88.04,6935.3,1.87
2025-12-08,RET,1150.28,53313,3250,79,11824.12,6.1,21.58,0.35,14.41,10.28,148.11,10673.84,2.46
2025-12-09,TOF,5637.92,508286,12291,149,12591.92,2.42,11.09,0.46,37.81,2.23,84.44,6954.0,1.21
2025-12-09,MOF,3842.41,215398,8006,124,15852.88,3.72,17.84,0.48,30.95,4.13,127.71,12010.47,1.55
2025-12-09,BOF,2407.69,113802,5657,108,11351.93,4.97,21.16,0.43,22.15,4.71,104.42,8944.25,1.92
2025-12-09,RET,1260.56,59525,3903,79,13719.63,6.56,21.18,0.32,15.9,10.88,173.09,12459.08,2.03
2025-12-09,UNCATEGORIZED,1484.72,15123,470,47,1898.46,0.0,0.0,0.0,0.0,0.0,0.0,0.0,0.0
2025-12-10,RET,1246.74,54795,3495,87,12112.15,6.38,22.75,0.36,14.17,9.72,137.69,10865.41,2.52
2025-12-10,BOF,2014.39,119046,6148,112,11854.7,5.17,16.92,0.33,17.86,5.89,105.12,9840.31,1.83
2025-12-10,TOF,6336.41,524298,11971,180,21656.69,2.28,12.09,0.53,35.17,3.42,120.21,15320.28,1.5
2025-12-10,MOF,3704.56,207861,7704,122,11191.43,3.71,17.82,0.48,30.27,3.02,91.46,7486.86,1.59
2025-12-11,MOF,3773.97,219449,7747,151,18707.6,3.53,17.2,0.49,24.95,4.96,123.7,14933.63,1.95
2025-12-11,BOF,1988.46,122214,6266,106,9582.47,5.13,16.27,0.32,18.62,4.82,89.75,7594.02,1.7
2025-12-11,RET,1222.42,57515,3474,100,17972.9,6.04,21.25,0.35,12.17,14.7,178.86,16750.48,2.89
2025-12-11,TOF,5553.78,539354,14151,168,16232.19,2.62,10.3,0.39,32.93,2.92,96.25,10678.4,1.19
2025-12-12,TOF,5044.66,542120,12871,181,14935.17,2.37,9.31,0.39,27.81,2.96,82.35,9890.5,1.41
2025-12-12,MOF,3450.87,237161,8926,128,17707.75,3.76,14.55,0.39,26.79,5.13,137.49,14256.88,1.44
2025-12-12,BOF,1990.12,120473,5574,109,14829.84,4.63,16.52,0.36,18.23,7.45,135.81,12839.72,1.96
2025-12-12,RET,1008.34,53282,3339,96,15768.66,6.27,18.92,0.3,10.49,15.64,164.11,14760.32,2.88
2025-12-13,RET,879.31,42968,2611,67,12883.29,6.08,20.46,0.34,13.12,14.65,192.25,12003.98,2.57
2025-12-13,MOF,2663.78,160838,5517,93,13729.43,3.43,16.56,0.48,28.39,5.15,146.31,11065.66,1.7
2025-12-13,TOF,4185.12,398879,9476,113,10491.04,2.38,10.49,0.44,36.98,2.51,92.71,6305.92,1.19
2025-12-13,BOF,1417.48,80464,4027,81,6643.21,5.01,17.62,0.35,17.34,4.69,81.27,5225.73,2.03
2025-12-14,TOF,4213.28,369101,9368,122,13470.89,2.54,11.41,0.45,34.31,3.2,109.69,9257.61,1.31
2025-12-14,MOF,2548.82,172450,6549,93,8247.17,3.8,14.78,0.39,27.17,3.24,87.93,5698.35,1.43
2025-12-14,BOF,1817.45,84710,3917,89,12588.68,4.62,21.45,0.46,20.34,6.93,140.89,10771.23,2.28
2025-12-14,RET,797.82,40390,2374,54,7342.16,5.88,19.75,0.34,14.51,9.2,133.52,6544.34,2.32
2025-12-15,BOF,2085.51,112585,5224,102,11790.89,4.64,18.52,0.4,20.32,5.65,114.89,9705.38,1.96
2025-12-15,RET,1109.02,61548,3591,93,15201.57,5.83,18.02,0.31,11.91,13.71,163.23,14092.55,2.59
2025-12-15,TOF,6199.7,512026,12374,165,19441.18,2.42,12.11,0.5,37.51,3.14,117.62,13241.49,1.34
2025-12-15,MOF,3839.51,220347,7476,146,16314.9,3.39,17.42,0.51,26.28,4.25,111.66,12475.39,1.95
2025-12-16,TOF,4867.39,588643,13768,194,17597.87,2.34,8.27,0.35,25.01,3.62,90.41,12730.48,1.41
2025-12-16,MOF,3332.4,209091,8045,136,16656.37,3.85,15.94,0.41,24.34,5.0,121.68,13323.96,1.7
2025-12-16,BOF,1983.88,119699,5637,127,12041.58,4.71,16.57,0.35,15.55,6.07,94.36,10057.7,2.26
2025-12-16,RET,1034.22,51716,3085,92,9908.33,5.97,20.0,0.34,11.12,9.58,106.57,8874.11,3.01
2025-12-17,BOF,2199.76,109091,5611,111,9093.85,5.14,20.16,0.39,19.78,4.13,81.78,6894.09,1.98
2025-12-17,MOF,3491.37,212899,6977,152,22239.99,3.28,16.4,0.5,22.96,6.37,146.23,18748.62,2.18
2025-12-17,TOF,6189.2,566326,14227,168,18201.84,2.51,10.93,0.44,36.74,2.94,108.05,12012.64,1.18
2025-12-17,RET,1025.39,59635,3691,78,9591.28,6.19,17.19,0.28,13.06,9.35,122.2,8565.89,2.13
2025-12-18,MOF,3108.26,236339,7838,121,11745.97,3.32,13.15,0.4,25.67,3.78,97.02,8637.71,1.54
2025-12-18,BOF,2446.25,122823,6546,111,14087.47,5.33,19.92,0.37,22.01,5.76,126.77,11641.22,1.7
2025-12-18,RET,1045.18,54961,3559,78,8502.91,6.48,19.02,0.29,13.34,8.14,108.55,7457.73,2.2
2025-12-18,TOF,5270.78,593043,13401,151,20612.9,2.26,8.89,0.39,34.77,3.91,135.99,15342.12,1.13
2025-12-19,TOF,5246.1,520551,12184,176,19359.27,2.34,10.08,0.43,29.67,3.69,109.5,14113.16,1.45
2025-12-19,MOF,3856.42,244602,8290,128,13646.32,3.39,15.77,0.47,30.12,3.54,106.58,9789.91,1.54
2025-12-19,BOF,2362.3,109665,5619,111,13273.18,5.12,21.54,0.42,21.12,5.62,118.64,10910.88,1.99
2025-12-19,RET,1127.96,55136,3604,99,11318.53,6.54,20.46,0.31,11.36,10.03,114.01,10190.57,2.75
2025-12-20,TOF,4482.88,402651,10860,131,14488.29,2.7,11.13,0.41,33.96,3.23,109.76,10005.4,1.22
2025-12-20,MOF,2075.03,153996,5434,100,9879.68,3.53,13.47,0.38,20.59,4.76,98.05,7804.65,1.85
2025-12-20,RET,752.19,36478,2370,57,9014.55,6.5,20.62,0.32,13.15,11.98,157.65,8262.37,2.41
2025-12-20,BOF,1439.97,86141,4724,81,7486.14,5.48,16.72,0.3,17.7,5.2,92.02,6046.17,1.72
2025-12-21,MOF,2072.66,150173,5676,108,13163.53,3.78,13.8,0.37,19.18,6.35,121.82,11090.86,1.9
2025-12-21,TOF,3773.92,409219,10540,133,12605.62,2.58,9.22,0.36,28.28,3.34,94.45,8831.7,1.27
2025-12-21,RET,781.28,40636,2217,58,10130.75,5.46,19.23,0.35,13.4,12.97,173.8,9349.47,2.63
2025-12-21,BOF,1668.16,83639,3910,91,9951.15,4.68,19.94,0.43,18.32,5.97,109.31,8282.98,2.33
2025-12-22,TOF,5074.07,591965,14045,168,16857.21,2.37,8.57,0.36,30.16,3.32,100.21,11783.14,1.2
2025-12-22,MOF,3329.32,242163,8131,141,16088.89,3.36,13.75,0.41,23.45,4.83,113.32,12759.57,1.75
2025-12-22,BOF,2433.92,126134,6600,106,8717.95,5.23,19.3,0.37,22.94,3.58,82.18,6284.03,1.61
2025-12-22,RET,1077.27,59102,3228,92,14802.55,5.46,18.23,0.33,11.62,13.74,159.68,13725.28,2.87
2025-12-23,RET,1020.8,63021,3506,105,15275.21,5.56,16.2,0.29,9.66,14.96,144.6,14254.42,3.01
2025-12-23,MOF,3485.28,241433,8340,128,17713.65,3.45,14.44,0.42,27.02,5.08,137.34,14228.37,1.55
2025-12-23,TOF,5527.42,613182,14123,152,19941.78,2.3,9.01,0.39,36.3,3.61,130.97,14414.36,1.08
2025-12-23,BOF,2535.66,120863,5767,119,12577.69,4.77,20.98,0.44,21.22,4.96,105.27,10042.03,2.07
2025-12-24,TOF,5282.32,588221,15802,187,25544.06,2.69,8.98,0.33,28.22,4.84,136.46,20261.74,1.18
2025-12-24,MOF,3666.72,242306,9073,129,14795.04,3.74,15.13,0.4,28.32,4.03,114.26,11128.32,1.43
2025-12-24,BOF,2138.18,128045,6970,100,13009.75,5.44,16.7,0.31,21.27,6.08,129.39,10871.57,1.44
2025-12-24,RET,1315.5,54606,3320,104,10853.02,6.08,24.09,0.4,12.53,8.25,103.39,9537.52,3.16
2025-12-25,TOF,6196.47,561289,15223,200,29263.74,2.71,11.04,0.41,30.94,4.72,146.1,23067.27,1.32
2025-12-25,MOF,3482.85,250943,9388,132,18326.91,3.74,13.88,0.37,26.23,5.26,138.02,14844.06,1.41
2025-12-25,BOF,2014.98,119252,5640,103,8853.06,4.73,16.9,0.36,19.43,4.39,85.39,6838.08,1.84
2025-12-25,RET,1238.9,56626,3550,81,10705.83,6.27,21.88,0.35,15.22,8.64,131.53,9466.94,2.29
2025-12-26,RET,1120.78,61801,3635,93,15184.62,5.88,18.14,0.31,12.01,13.55,162.75,14063.84,2.57
2025-12-26,BOF,2610.46,118012,6418,127,19159.09,5.44,22.12,0.41,20.42,7.34,149.86,16548.63,1.99
2025-12-26,MOF,3642.35,222133,7035,156,12747.54,3.17,16.4,0.52,23.28,3.5,81.49,9105.19,2.22
2025-12-26,TOF,5936.17,620778,14956,182,25939.25,2.41,9.56,0.4,32.5,4.37,142.02,20003.08,1.22
2025-12-27,MOF,2647.12,156126,5038,94,9463.01,3.23,16.95,0.53,28.0,3.57,100.11,6815.89,1.88
2025-12-27,BOF,1546.67,77978,3541,70,10507.45,4.54,19.83,0.44,21.95,6.79,149.14,8960.78,1.99
2025-12-27,RET,805.82,40230,2500,60,11762.9,6.22,20.03,0.32,13.36,14.6,195.0,10957.08,2.41
2025-12-27,TOF,4580.01,451705,11898,120,13194.37,2.63,10.14,0.38,38.01,2.88,109.49,8614.36,1.01
2025-12-28,TOF,4484.78,379085,9320,137,20164.92,2.46,11.83,0.48,32.5,4.5,146.13,15680.14,1.48
2025-12-28,MOF,2453.77,168947,5519,113,10942.32,3.27,14.52,0.44,21.58,4.46,96.22,8488.55,2.06
2025-12-28,BOF,1871.42,85072,4345,82,7971.96,5.11,22.0,0.43,22.57,4.26,96.15,6100.55,1.91
2025-12-28,RET,745.84,38991,2192,71,9669.93,5.62,19.13,0.34,10.41,12.97,135.01,8924.09,3.27
2025-12-29,BOF,2590.91,111811,5281,119,14537.67,4.72,23.17,0.49,21.65,5.61,121.51,11946.77,2.27
2025-12-29,TOF,5131.84,647177,17421,200,29970.28,2.69,7.93,0.29,25.62,5.84,149.64,24838.44,1.15
2025-12-29,MOF,3202.7,231755,8530,150,13647.72,3.68,13.82,0.38,21.3,4.26,90.77,10445.02,1.76
2025-12-29,RET,1211.76,54332,3506,88,9940.83,6.45,22.3,0.35,13.77,8.2,112.95,8729.06,2.51
2025-12-30,TOF,6625.3,647403,17357,194,24484.66,2.68,10.23,0.38,34.06,3.7,125.87,17859.36,1.12
2025-12-30,MOF,3614.32,217728,7480,136,13447.23,3.44,16.6,0.48,26.39,3.72,98.18,9832.92,1.83
2025-12-30,BOF,2532.41,118568,5431,108,13895.58,4.58,21.36,0.47,23.3,5.49,127.83,11363.17,2.0
2025-12-30,RET,1035.77,63500,3806,94,15029.21,5.99,16.31,0.27,10.97,14.51,159.24,13993.45,2.48
2025-12-31,BOF,2528.77,127020,6601,125,15466.0,5.2,19.91,0.38,20.16,6.12,123.3,12937.23,1.9
2025-12-31,RET,1280.22,55437,3579,105,10891.48,6.46,23.09,0.36,12.1,8.51,102.92,9611.26,2.96
2025-12-31,TOF,6529.56,576889,14935,182,17963.91,2.59,11.32,0.44,35.87,2.75,98.69,11434.35,1.22
2025-12-31,MOF,3975.51,252157,9105,157,22206.79,3.61,15.77,0.44,25.19,5.59,140.71,18231.28,1.73
2026-01-01,TOF,6549.88,552378,13354,192,17527.58,2.42,11.86,0.49,34.1,2.68,91.25,10977.71,1.44
2026-01-01,MOF,3921.5,254520,8921,121,12210.74,3.51,15.41,0.44,32.14,3.11,100.09,8289.24,1.37
2026-01-01,BOF,2470.39,130817,6713,110,13773.18,5.13,18.88,0.37,22.31,5.58,124.38,11302.79,1.65
2026-01-01,RET,1207.65,63006,3483,102,15866.18,5.53,19.17,0.35,11.73,13.14,154.13,14658.54,2.96
2026-01-02,BOF,2082.69,121633,5894,124,10317.67,4.85,17.12,0.35,16.79,4.95,83.2,8234.98,2.1
2026-01-02,MOF,4060.9,248326,7940,135,17495.53,3.2,16.35,0.51,30.08,4.31,129.57,13434.64,1.7
2026-01-02,TOF,6814.4,579410,14869,202,17676.15,2.57,11.76,0.46,33.61,2.59,87.18,10861.75,1.36
2026-01-02,RET,1330.05,65499,4298,102,11628.96,6.56,20.31,0.31,12.93,8.74,113.01,10298.92,2.39
2026-01-03,MOF,2724.43,174158,6029,93,14074.26,3.46,15.64,0.45,29.0,5.17,149.8,11349.83,1.56
2026-01-03,BOF,1642.8,83183,3879,91,11753.93,4.66,19.75,0.42,17.97,7.15,128.56,10111.14,2.36
2026-01-03,RET,769.63,38492,2392,70,8952.92,6.22,19.99,0.32,10.95,11.63,127.33,8183.28,2.94
2026-01-03,TOF,4525.41,380065,8593,119,13628.37,2.26,11.91,0.53,37.92,3.01,114.21,9102.96,1.39
2026-01-04,TOF,4781.33,391774,9661,143,15659.55,2.47,12.2,0.49,33.4,3.28,109.38,10878.21,1.48
2026-01-04,MOF,2632.02,165016,5514,115,12577.3,3.34,15.95,0.48,22.74,4.78,108.65,9945.28,2.1
2026-01-04,BOF,1883.84,79683,3755,72,9092.77,4.71,23.64,0.5,26.03,4.83,125.62,7208.93,1.93
2026-01-04,RET,809.11,45185,2696,76,9110.96,5.97,17.91,0.3,10.53,11.26,118.55,8301.85,2.85
2026-01-05,TOF,6700.54,636709,16780,199,26617.25,2.64,10.52,0.4,33.55,3.97,133.27,19916.71,1.19
2026-01-05,BOF,2628.03,120220,5550,107,13707.48,4.62,21.86,0.47,24.54,5.22,127.99,11079.45,1.93
2026-01-05,MOF,3757.08,223534,7092,163,20086.03,3.17,16.81,0.53,23.04,5.35,123.17,16328.96,2.3
2026-01-05,RET,1181.44,56719,3397,83,13274.77,5.99,20.83,0.35,14.08,11.24,158.2,12093.33,2.47
2026-01-06,MOF,3164.39,236796,8254,149,15017.96,3.49,13.36,0.38,21.16,4.75,100.42,11853.57,1.81
2026-01-06,TOF,5630.72,641004,15417,179,14470.59,2.41,8.78,0.37,31.45,2.57,80.81,8839.87,1.16
2026-01-06,BOF,2561.56,129714,6848,104,11850.84,5.28,19.75,0.37,24.56,4.63,113.64,9289.28,1.52
2026-01-06,RET,1066.59,57378,3777,86,12953.1,6.58,18.59,0.28,12.34,12.14,149.89,11886.51,2.29
2026-01-07,BOF,2351.63,112420,5696,128,17444.53,5.07,20.92,0.41,18.34,7.42,136.04,15092.9,2.25
2026-01-07,RET,1104.19,56632,3129,101,17242.15,5.53,19.5,0.35,10.93,15.62,170.65,16137.96,3.23
2026-01-07,TOF,6281.71,631232,15969,155,15966.12,2.53,9.95,0.39,40.47,2.54,102.85,9684.41,0.97
2026-01-07,MOF,3659.34,222664,7560,125,10705.54,3.4,16.43,0.48,29.23,2.93,85.5,7046.2,1.66
2026-01-08,TOF,5228.48,661405,15053,184,23951.35,2.28,7.91,0.35,28.3,4.58,129.63,18722.87,1.23
2026-01-08,MOF,4056.21,253752,9417,138,19043.85,3.71,15.98,0.43,29.19,4.69,137.04,14987.64,1.48
2026-01-08,BOF,2126.82,131273,6626,133,14878.78,5.05,16.2,0.32,15.96,7.0,111.66,12751.96,2.01
2026-01-08,RET,1269.07,61154,3839,85,9025.39,6.28,20.75,0.33,14.91,7.11,106.04,7756.32,2.22
2026-01-09,BOF,2480.53,127348,6021,140,20777.55,4.73,19.48,0.41,17.7,8.38,148.24,18297.03,2.33
2026-01-09,MOF,3480.91,228487,8460,153,17618.23,3.7,15.23,0.41,22.7,5.06,114.87,14137.32,1.81
2026-01-09,TOF,5637.2,568464,15268,167,24854.6,2.69,9.92,0.37,33.64,4.41,148.31,19217.41,1.1
2026-01-09,RET,1275.02,57334,3564,85,8768.17,6.22,22.24,0.36,14.99,6.88,103.07,7493.15,2.39
2026-01-10,MOF,2511.58,165989,5659,117,9754.18,3.41,15.13,0.44,21.32,3.88,82.81,7242.6,2.08
2026-01-10,BOF,1901.25,86980,4295,91,10428.01,4.94,21.86,0.44,20.8,5.48,114.07,8526.76,2.13
2026-01-10,RET,952.27,46248,2731,63,10178.31,5.91,20.59,0.35,14.9,10.69,159.24,9226.04,2.34
2026-01-10,TOF,3970.41,424965,11406,137,18109.48,2.68,9.34,0.35,28.94,4.56,131.99,14139.07,1.2
2026-01-11,TOF,4824.46,404488,10360,133,17581.3,2.56,11.93,0.47,36.03,3.64,131.32,12756.84,1.29
2026-01-11,MOF,2291.28,179146,6783,93,8999.78,3.79,12.79,0.34,24.6,3.93,96.63,6708.5,1.37
2026-01-11,BOF,1960.2,80387,4304,85,8336.0,5.35,24.38,0.46,22.88,4.25,97.31,6375.8,1.99
2026-01-11,RET,954.17,42463,2555,65,10480.41,6.02,22.47,0.37,14.5,10.98,159.3,9526.24,2.57
2026-01-12,BOF,2265.21,112508,5253,123,12817.18,4.67,20.13,0.43,18.31,5.66,103.59,10551.98,2.36
2026-01-12,MOF,3496.49,259454,8410,168,18821.68,3.24,13.48,0.42,20.76,5.38,111.77,15325.2,2.0
2026-01-12,TOF,5529.2,601603,16452,171,21555.33,2.73,9.19,0.34,32.31,3.9,125.97,16026.13,1.04
2026-01-12,RET,1351.36,60649,3456,101,17384.91,5.7,22.28,0.39,13.27,12.86,170.68,16033.55,2.95
2026-01-13,MOF,3671.84,263645,9791,151,21368.81,3.71,13.93,0.37,24.19,5.82,140.78,17696.97,1.55
2026-01-13,TOF,5550.69,575673,13058,198,25055.55,2.27,9.64,0.43,28.02,4.51,126.47,19504.85,1.52
2026-01-13,BOF,2248.99,113760,5426,106,12532.08,4.77,19.77,0.41,21.03,5.57,117.18,10283.09,1.97
2026-01-13,RET,1394.88,55985,3105,97,18807.27,5.55,24.92,0.45,14.34,13.48,193.39,17412.4,3.13
2026-01-14,BOF,2439.75,124052,6188,129,11658.02,4.99,19.67,0.39,18.79,4.78,89.78,9218.27,2.1
2026-01-14,RET,1062.29,59458,3713,90,15075.01,6.25,17.87,0.29,11.79,14.19,167.34,14012.72,2.43
2026-01-14,TOF,5842.3,619228,14061,165,24734.25,2.27,9.43,0.42,35.21,4.23,149.06,18891.95,1.18
2026-01-14,MOF,4227.68,222844,8504,154,21759.71,3.82,18.97,0.5,27.35,5.15,140.75,17532.04,1.82
2026-01-15,TOF,7074.04,569643,14732,182,25741.37,2.59,12.42,0.48,38.69,3.64,140.77,18667.34,1.24
2026-01-15,MOF,3359.7,257554,9623,168,21557.78,3.74,13.04,0.35,19.92,6.42,127.83,18198.08,1.75
2026-01-15,BOF,2477.9,126922,6814,126,10399.48,5.37,19.52,0.36,19.57,4.2,82.13,7921.58,1.86
2026-01-15,RET,1400.31,64350,3997,90,15052.48,6.21,21.76,0.35,15.43,10.75,165.89,13652.16,2.27
2026-01-16,TOF,6018.72,640469,14751,195,29291.7,2.3,9.4,0.41,30.81,4.87,149.96,23272.98,1.32
2026-01-16,MOF,3224.45,272398,9356,165,22343.68,3.43,11.84,0.34,19.45,6.93,134.77,19119.23,1.77
2026-01-16,BOF,2536.66,130262,7006,120,12425.05,5.38,19.47,0.36,21.01,4.9,102.89,9888.39,1.72
2026-01-16,RET,1305.85,65994,4167,108,15555.04,6.31,19.79,0.31,12.05,11.91,143.56,14249.19,2.6
2026-01-17,BOF,1607.91,85054,4020,76,9301.71,4.73,18.9,0.4,21.13,5.78,122.24,7693.8,1.89
2026-01-17,RET,916.7,44676,2660,67,12539.41,5.96,20.52,0.34,13.62,13.68,186.33,11622.7,2.53
2026-01-17,MOF,2513.12,170909,6215,101,11276.66,3.64,14.7,0.4,24.83,4.49,111.41,8763.54,1.63
2026-01-17,TOF,4779.38,403190,10169,111,11452.48,2.52,11.85,0.47,42.87,2.4,102.72,6673.1,1.1
2026-01-18,MOF,2545.32,177806,6265,108,14475.8,3.52,14.32,0.41,23.48,5.69,133.54,11930.48,1.73
2026-01-18,BOF,1914.32,91317,4981,74,7014.12,5.46,20.96,0.38,25.57,3.66,93.7,5099.8,1.5
2026-01-18,RET,745.74,45040,2917,64,12451.17,6.48,16.56,0.26,11.54,16.7,192.7,11705.44,2.21
2026-01-18,TOF,4400.04,435678,9858,124,13326.62,2.26,10.1,0.45,35.2,3.03,106.61,8926.57,1.27
2026-01-19,TOF,5439.97,681115,16522,165,18871.12,2.43,7.99,0.33,32.87,3.47,114.01,13431.15,1.0
2026-01-19,MOF,3485.64,239881,8072,164,19318.11,3.37,14.53,0.43,21.24,5.54,117.74,15832.47,2.03
2026-01-19,BOF,2364.77,128099,6681,116,12723.43,5.22,18.46,0.35,20.25,5.38,108.95,10358.66,1.75
2026-01-19,RET,1111.16,58670,3647,90,13830.84,6.22,18.94,0.3,12.25,12.45,152.52,12719.68,2.49
2026-01-20,BOF,2853.69,128220,6820,140,13449.7,5.32,22.26,0.42,20.36,4.71,95.97,10596.01,2.05
2026-01-20,RET,1148.11,64227,3785,110,21049.13,5.89,17.88,0.3,10.36,18.33,190.0,19901.02,2.93
2026-01-20,TOF,6677.39,578930,14668,174,25756.59,2.53,11.53,0.46,38.21,3.86,147.4,19079.2,1.19
2026-01-20,MOF,3751.39,266714,9428,130,16179.58,3.54,14.07,0.4,28.82,4.31,124.32,12428.19,1.38
2026-01-21,MOF,3693.52,260444,8378,156,17504.64,3.22,14.18,0.44,23.55,4.74,111.62,13811.12,1.87
2026-01-21,BOF,2585.48,117633,6160,139,13296.81,5.24,21.98,0.42,18.51,5.14,95.17,10711.33,2.27
2026-01-21,RET,1107.18,56997,3516,104,16091.61,6.17,19.42,0.31,10.64,14.53,154.67,14984.43,2.96
2026-01-21,TOF,6022.97,596845,15758,176,24246.46,2.64,10.09,0.38,34.18,4.03,137.58,18223.49,1.12
2026-01-22,TOF,5808.71,617884,15738,189,28235.56,2.55,9.4,0.37,30.68,4.86,149.14,22426.86,1.2
2026-01-22,MOF,3376.63,262527,9012,148,19317.88,3.43,12.86,0.37,22.76,5.72,130.23,15941.25,1.65
2026-01-22,BOF,2672.53,138745,6421,111,14551.13,4.63,19.26,0.42,24.01,5.44,130.7,11878.59,1.73
2026-01-22,RET,1293.04,60313,3314,88,16764.31,5.5,21.44,0.39,14.61,12.97,189.42,15471.27,2.67
2026-01-23,TOF,5747.88,610960,14438,181,15421.95,2.36,9.41,0.4,31.63,2.68,84.86,9674.07,1.26
2026-01-23,MOF,3821.73,231425,8586,139,16475.3,3.71,16.51,0.45,27.33,4.31,117.8,12653.57,1.63
2026-01-23,BOF,2822.19,130488,6567,119,12396.32,5.03,21.63,0.43,23.52,4.39,103.31,9574.13,1.83
2026-01-23,RET,1331.07,69592,4310,103,17841.27,6.19,19.13,0.31,12.91,13.4,173.07,16510.2,2.39
2026-01-24,UNCATEGORIZED,808.53,14855,692,40,3575.62,0.0,0.0,0.0,0.0,0.0,0.0,0.0,0.0
2026-01-24,TOF,4398.6,405396,10261,151,13993.6,2.53,10.85,0.43,29.0,3.18,92.27,9595.0,1.48
2026-01-24,MOF,2819.02,167165,5892,93,10458.02,3.53,16.86,0.48,30.06,3.71,111.53,7638.99,1.59
2026-01-24,BOF,1914.64,86189,4451,96,14023.61,5.16,22.21,0.43,19.78,7.32,144.9,12108.97,2.17
2026-01-24,RET,818.23,43554,2431,81,15729.65,5.58,18.79,0.34,10.02,19.22,192.7,14911.42,3.36
2026-01-25,BOF,1534.61,85623,4078,85,7355.36,4.76,17.92,0.38,17.97,4.79,86.13,5820.75,2.09
2026-01-25,RET,1008.18,45046,2597,69,10000.59,5.77,22.38,0.39,14.59,9.92,144.72,8992.41,2.66
2026-01-25,TOF,4510.09,476153,11953,138,11957.6,2.51,9.47,0.38,32.53,2.65,86.24,7447.51,1.16
2026-01-25,MOF,2878.78,164993,6151,116,15036.27,3.73,17.45,0.47,24.81,5.22,129.61,12157.49,1.89
2026-01-26,TOF,6575.97,640335,17351,191,28593.81,2.71,10.27,0.38,34.37,4.35,149.45,22017.84,1.1
2026-01-26,MOF,4233.79,240447,9140,135,18602.87,3.8,17.61,0.46,31.23,4.39,137.22,14369.08,1.48
2026-01-26,BOF,2461.89,137317,7371,139,18858.9,5.37,17.93,0.33,17.66,7.66,135.3,16397.01,1.89
2026-01-26,RET,1201.86,58483,3440,92,15615.61,5.88,20.55,0.35,13.05,12.99,169.5,14413.75,2.68
2026-01-27,TOF,6104.51,700878,18015,210,18799.44,2.57,8.71,0.34,28.99,3.08,89.28,12694.92,1.17
2026-01-27,MOF,4257.04,277645,9692,158,21165.05,3.49,15.33,0.44,26.86,4.97,133.54,16908.01,1.64
2026-01-27,BOF,2310.28,128065,6273,114,12097.41,4.9,18.04,0.37,20.19,5.24,105.73,9787.13,1.82
2026-01-27,RET,1114.18,57930,3222,116,18071.68,5.56,19.23,0.35,9.55,16.22,154.95,16957.5,3.62
2026-01-28,TOF,7313.37,633003,15229,192,21361.71,2.41,11.55,0.48,37.92,2.92,110.77,14048.33,1.27
2026-01-28,MOF,3394.54,263895,8711,159,20022.63,3.3,12.86,0.39,21.28,5.9,125.51,16628.09,1.83
2026-01-28,BOF,2298.73,117074,6182,126,10659.06,5.28,19.63,0.37,18.13,4.64,84.07,8360.33,2.05
2026-01-28,RET,1473.86,58491,3646,117,14568.29,6.23,25.2,0.4,12.54,9.88,123.92,13094.44,3.22
2026-01-29,BOF,2423.76,131854,6628,125,11216.24,5.03,18.38,0.37,19.26,4.63,89.15,8792.48,1.9
2026-01-29,RET,1435.9,63687,3587,98,13978.64,5.63,22.55,0.4,14.53,9.74,141.41,12542.74,2.76
2026-01-29,TOF,5742.87,594618,14280,169,21823.95,2.4,9.66,0.4,33.8,3.8,128.45,16081.07,1.19
2026-01-29,MOF,3353.13,257818,9920,168,20791.04,3.85,13.01,0.34,19.85,6.2,123.07,17437.91,1.7
2026-01-30,MOF,3848.34,233190,7769,166,14952.76,3.33,16.5,0.5,23.06,3.89,89.6,11104.42,2.15
2026-01-30,RET,1406.69,70428,4215,91,14104.61,5.99,19.97,0.33,15.44,10.03,154.8,12697.91,2.16
2026-01-30,BOF,2607.33,121652,5489,118,17646.73,4.51,21.43,0.48,21.91,6.77,148.31,15039.4,2.17
2026-01-30,TOF,7083.79,675136,17787,165,18019.17,2.63,10.49,0.4,42.9,2.54,109.13,10935.38,0.93
2026-01-31,BOF,1788.64,95694,5159,102,13900.1,5.39,18.69,0.35,17.38,7.77,135.08,12111.46,1.99
2026-01-31,RET,855.2,46969,2783,67,12351.54,5.93,18.21,0.31,12.75,14.44,184.09,11496.34,2.41
2026-01-31,TOF,4464.71,483842,11123,135,12247.01,2.3,9.23,0.4,32.99,2.74,90.5,7782.3,1.22
2026-01-31,MOF,2573.15,189662,6606,104,11255.81,3.48,13.57,0.39,24.6,4.37,107.61,8682.67,1.58
2026-02-01,TOF,3909.9,490299,12163,141,17882.94,2.48,7.97,0.32,27.58,4.57,126.15,13973.04,1.17
2026-02-01,BOF,1624.82,95076,4765,95,7933.03,5.01,17.09,0.34,16.98,4.88,82.92,6308.22,2.01
2026-02-01,RET,794.61,47346,2597,63,6403.97,5.49,16.78,0.31,12.56,8.06,101.21,5609.37,2.44
2026-02-01,MOF,3045.77,186495,6676,94,11019.5,3.58,16.33,0.46,32.14,3.62,116.29,7973.72,1.42
2026-02-02,TOF,7390.18,680876,16522,183,19129.87,2.43,10.85,0.45,40.36,2.59,104.48,11739.69,1.11
2026-02-02,MOF,4221.34,268391,8802,140,12229.3,3.28,15.73,0.48,29.99,2.9,86.89,8007.95,1.6
2026-02-02,BOF,2725.04,136873,6522,111,9545.64,4.77,19.91,0.42,24.48,3.5,85.75,6820.61,1.71
2026-02-02,RET,1482.47,62340,3941,107,14909.68,6.32,23.78,0.38,13.74,10.06,138.19,13427.21,2.74
